date,open,close,high,low,volume,turnover,amp,change_ratio,change,turnover_ratio
2020-02-07,9.67,11.99,11.99,9.67,1585,2201886.00,30.01,55.11,4.26,0.38
2020-02-10,13.38,13.38,13.38,13.38,382,584870.00,0.00,11.59,1.39,0.09
2020-02-11,14.91,14.91,14.91,14.91,314,528730.00,0.00,11.43,1.53,0.07
2020-02-12,16.60,16.60,16.60,16.60,327,605936.00,0.00,11.33,1.69,0.08
2020-02-13,18.46,18.46,18.46,18.46,1385,2827540.00,0.00,11.20,1.86,0.33
2020-02-14,20.50,20.50,20.50,20.50,1243,2790041.00,0.00,11.05,2.04,0.30
2020-02-17,22.75,22.75,22.75,22.75,702,1732977.00,0.00,10.98,2.25,0.17
2020-02-18,25.22,25.22,25.22,25.22,1031,2800765.00,0.00,10.86,2.47,0.25
2020-02-19,27.94,27.94,27.94,27.94,1045,3124013.00,0.00,10.79,2.72,0.25
2020-02-20,30.93,30.93,30.93,30.93,893,2936447.00,0.00,10.70,2.99,0.21
2020-02-21,34.22,34.22,34.22,34.22,2237,8091952.00,0.00,10.64,3.29,0.53
2020-02-24,37.84,37.84,37.84,37.84,1495,5947730.00,0.00,10.58,3.62,0.36
2020-02-25,41.82,41.82,41.82,41.82,2191,9590226.00,0.00,10.52,3.98,0.52
2020-02-26,46.20,46.20,46.20,46.20,1204,5796538.00,0.00,10.47,4.38,0.29
2020-02-27,51.02,51.02,51.02,51.02,18377,97344028.00,0.00,10.43,4.82,4.38
2020-02-28,56.32,56.32,56.32,56.32,37025,215743102.00,0.00,10.39,5.30,8.82
2020-03-02,62.15,62.15,62.15,62.15,8009,51336088.00,0.00,10.35,5.83,1.91
2020-03-03,68.56,68.56,68.56,64.71,204959,1438215536.00,6.19,10.31,6.41,48.80
2020-03-04,66.54,71.75,75.50,64.67,293841,2074881168.00,15.80,4.65,3.19,69.96
2020-03-05,69.51,67.87,73.95,67.05,215261,1559454240.00,9.62,-5.41,-3.88,51.25
2020-03-06,72.05,74.85,74.85,70.23,131543,987868432.00,6.81,10.28,6.98,31.32
2020-03-09,76.05,77.55,82.25,73.56,187716,1504423040.00,11.61,3.61,2.70,44.69
2020-03-10,74.08,78.26,80.40,70.05,161789,1260954528.00,13.35,0.92,0.71,38.52
2020-03-11,76.06,70.56,77.70,70.25,136991,1043352656.00,9.52,-9.84,-7.70,32.62
2020-03-12,70.56,72.65,75.04,67.25,117292,869585152.00,11.04,2.96,2.09,27.93
2020-03-13,66.55,68.59,70.65,65.71,101587,713506048.00,6.80,-5.59,-4.06,24.19
2020-03-16,69.01,64.85,71.05,64.71,100414,697615952.00,9.24,-5.45,-3.74,23.91
2020-03-17,67.55,69.71,70.20,65.85,104144,732242560.00,6.71,7.49,4.86,24.80
2020-03-18,68.06,69.89,70.70,67.46,108889,770330864.00,4.65,0.26,0.18,25.93
2020-03-19,68.33,70.03,70.55,67.55,81126,577863440.00,4.29,0.20,0.14,19.32
2020-03-20,69.85,67.04,69.94,64.93,86456,598544016.00,7.15,-4.27,-2.99,20.58
2020-03-23,62.84,60.14,62.95,60.14,64773,404509632.00,4.19,-10.29,-6.90,15.42
2020-03-24,60.05,56.24,60.50,53.93,96042,560975328.00,10.92,-6.48,-3.90,22.87
2020-03-25,57.26,56.57,59.15,56.27,71921,428670400.00,5.12,0.59,0.33,17.12
2020-03-26,55.05,56.63,60.60,53.93,72063,425954704.00,11.79,0.11,0.06,17.16
2020-03-27,57.35,53.83,57.94,53.55,60699,347789088.00,7.75,-4.94,-2.80,14.45
2020-03-30,50.70,50.05,51.83,49.20,55719,290554000.00,4.89,-7.02,-3.78,13.27
2020-03-31,51.50,50.61,52.95,50.23,53907,288675696.00,5.43,1.12,0.56,12.83
2020-04-01,49.50,53.66,55.24,49.46,84528,466682080.00,11.42,6.03,3.05,20.13
2020-04-02,52.39,56.35,56.55,52.15,78695,444871040.00,8.20,5.01,2.69,18.74
2020-04-03,55.05,53.45,55.93,52.95,63950,358675504.00,5.29,-5.15,-2.90,15.23
2020-04-07,55.03,54.20,55.19,53.74,51258,288236112.00,2.71,1.40,0.75,12.20
2020-04-08,53.23,53.39,55.02,52.36,48913,272508592.00,4.91,-1.49,-0.81,11.65
2020-04-09,53.90,52.75,53.93,52.58,39163,215769416.00,2.53,-1.20,-0.64,9.32
2020-04-10,53.03,49.84,53.24,49.60,48640,256933774.00,6.90,-5.52,-2.91,11.58
2020-04-13,49.21,48.78,50.38,48.05,30806,157444470.00,4.67,-2.13,-1.06,7.33
2020-04-14,49.28,50.35,50.49,49.08,29625,153171965.00,2.89,3.22,1.57,7.05
2020-04-15,50.25,50.35,51.63,49.61,37294,196422540.00,4.01,0.00,0.00,8.88
2020-04-16,49.87,50.17,50.92,49.16,25113,130467971.00,3.50,-0.36,-0.18,5.98
2020-04-17,51.46,51.49,53.71,50.91,61632,334734912.00,5.58,2.63,1.32,14.67
2020-04-20,51.30,51.85,52.98,51.20,32397,174718436.00,3.46,0.70,0.36,7.71
2020-04-21,51.46,50.63,51.83,48.92,37084,192861464.00,5.61,-2.35,-1.22,8.83
2020-04-22,50.01,52.50,52.90,49.85,42736,230551827.00,6.02,3.69,1.87,10.18
2020-04-23,52.55,57.95,57.95,52.55,97742,570286640.00,10.29,10.38,5.45,23.27
2020-04-24,57.95,56.98,59.94,56.04,84327,503844352.00,6.73,-1.67,-0.97,20.08
2020-04-27,58.05,55.99,59.04,55.05,39522,230172309.00,7.00,-1.74,-0.99,9.41
2020-04-28,55.95,57.45,58.55,51.25,66565,389368512.00,13.04,2.61,1.46,15.85
2020-04-29,56.26,59.69,62.69,55.21,77517,472171248.00,13.02,3.90,2.24,18.46
2020-04-30,62.05,63.33,65.00,60.33,87303,568627808.00,7.82,6.10,3.64,20.79
2020-05-06,62.07,66.03,67.93,60.78,93914,619776512.00,11.29,4.26,2.70,22.36
2020-05-07,64.94,62.99,65.43,62.74,69431,456140064.00,4.07,-4.60,-3.04,16.53
2020-05-08,63.93,65.40,66.63,63.45,74904,502923104.00,5.05,3.83,2.41,17.83
2020-05-11,65.93,63.68,66.93,63.53,64978,436949904.00,5.20,-2.63,-1.72,15.47
2020-05-12,63.20,62.94,63.88,60.83,48658,311725232.00,4.79,-1.16,-0.74,11.59
2020-05-13,62.48,63.37,63.85,62.08,37821,245856442.00,2.81,0.68,0.43,9.00
2020-05-14,62.40,65.82,68.42,62.08,80790,546815536.00,10.00,3.87,2.45,19.24
2020-05-15,65.56,66.02,68.77,64.41,72579,499016976.00,6.62,0.30,0.20,17.28
2020-05-18,68.05,68.52,72.31,66.55,88611,629623088.00,8.72,3.79,2.50,21.10
2020-05-19,68.33,71.22,72.02,66.56,75622,540958192.00,7.97,3.94,2.70,18.01
2020-05-20,70.13,66.97,71.73,65.60,74015,522839696.00,8.61,-5.97,-4.25,17.62
2020-05-21,66.96,62.74,67.00,62.53,54254,359300480.00,6.67,-6.32,-4.23,12.92
2020-05-22,62.15,61.51,63.45,59.59,38931,247494479.00,6.15,-1.96,-1.23,9.27
2020-05-25,61.47,59.76,62.15,58.98,31423,195596650.00,5.15,-2.85,-1.75,7.48
2020-05-26,60.33,61.55,61.55,60.18,30006,189046518.00,2.29,3.00,1.79,7.14
2020-05-27,61.55,59.42,61.79,58.75,34331,212304288.00,4.94,-3.46,-2.13,8.17
2020-05-28,58.97,58.79,59.92,57.08,32003,193007031.00,4.78,-1.06,-0.63,7.62
2020-05-29,58.05,58.45,59.65,58.05,21741,132055825.00,2.72,-0.58,-0.34,5.18
2020-06-01,59.18,60.78,61.25,59.11,36647,228670692.00,3.66,3.99,2.33,8.73
2020-06-02,60.65,64.88,64.90,59.88,59822,386177920.00,8.26,6.75,4.10,14.24
2020-06-03,64.74,63.98,66.20,63.86,52103,348574208.00,3.61,-1.39,-0.90,12.41
2020-06-04,64.05,65.64,67.03,63.38,47241,318922976.00,5.70,2.59,1.66,11.25
2020-06-05,64.95,65.60,67.04,64.75,38639,262078412.00,3.49,-0.06,-0.04,9.20
2020-06-08,66.15,65.75,68.28,65.06,40221,275638240.00,4.91,0.23,0.15,9.58
2020-06-09,64.74,66.67,68.00,64.64,49871,340302192.00,5.11,1.40,0.92,11.87
2020-06-10,66.69,65.55,66.82,64.31,37475,252084761.00,3.76,-1.68,-1.12,8.92
2020-06-11,65.68,66.37,68.48,65.55,48210,329868048.00,4.47,1.25,0.82,11.48
2020-06-12,64.33,64.61,65.62,63.90,37260,247563959.00,2.59,-2.65,-1.76,8.87
2020-06-15,64.02,60.61,64.60,60.61,49058,311783312.00,6.18,-6.19,-4.00,11.68
2020-06-16,61.51,61.81,62.76,61.27,28807,182965838.00,2.46,1.98,1.20,6.86
2020-06-17,62.42,60.85,62.64,60.40,25877,162367441.00,3.62,-1.55,-0.96,6.16
2020-06-18,61.08,61.32,61.85,60.54,21132,133116183.00,2.15,0.77,0.47,5.03
2020-06-19,61.28,63.40,63.40,61.20,33934,217101884.00,3.59,3.39,2.08,8.08
2020-06-22,64.40,69.90,69.90,64.40,28025,197576743.00,8.68,10.25,6.50,6.67
2020-06-23,76.40,75.10,77.05,73.48,142249,1097096304.00,5.11,7.44,5.20,33.87
2020-06-24,73.37,82.77,82.77,73.37,103875,839139648.00,12.52,10.21,7.67,24.73
2020-06-29,86.40,84.86,88.93,83.40,125915,1101129344.00,6.68,2.53,2.09,29.98
2020-06-30,84.47,88.90,93.38,84.47,121552,1086408128.00,10.50,4.76,4.04,28.94
2020-07-01,88.15,90.34,93.19,86.79,96699,882580496.00,7.20,1.62,1.44,23.02
2020-07-02,89.39,89.57,92.33,87.53,68724,628087776.00,5.31,-0.85,-0.77,16.36
2020-07-03,89.28,92.02,95.37,85.73,91775,840910224.00,10.76,2.74,2.45,21.85
2020-07-06,93.86,101.38,101.38,90.90,96155,954217056.00,11.39,10.17,9.36,22.89
2020-07-07,102.42,107.47,111.68,102.41,99495,1087607760.00,9.14,6.01,6.09,23.69
2020-07-08,105.40,108.91,112.76,102.29,79139,867586864.00,9.74,1.34,1.44,18.84
2020-07-09,110.40,109.40,113.38,105.96,76886,850212560.00,6.81,0.45,0.49,18.31
2020-07-10,107.40,105.20,108.40,103.98,62275,672260192.00,4.04,-3.84,-4.20,14.83
2020-07-13,104.51,107.60,109.41,104.51,54407,591902352.00,4.66,2.28,2.40,12.95
2020-07-14,106.78,104.54,111.38,100.51,61993,667991520.00,10.10,-2.84,-3.06,14.76
2020-07-15,106.80,101.05,107.43,99.92,52221,547011568.00,7.18,-3.34,-3.49,12.43
2020-07-16,99.30,90.79,103.20,90.79,58693,569428880.00,12.28,-10.15,-10.26,13.97
2020-07-17,88.50,86.90,91.99,83.50,56646,509858688.00,9.35,-4.28,-3.89,13.49
2020-07-20,90.68,90.11,90.90,84.58,45666,407595040.00,7.27,3.69,3.21,10.87
2020-07-21,89.40,88.62,91.65,87.61,38558,350314576.00,4.48,-1.65,-1.49,9.18
2020-07-22,88.65,90.60,92.62,87.58,45709,420631776.00,5.69,2.23,1.98,10.88
2020-07-23,88.83,89.00,90.20,85.90,37953,341188128.00,4.75,-1.77,-1.60,9.04
2020-07-24,88.41,82.58,89.70,81.40,42515,370151520.00,9.33,-7.21,-6.42,10.12
2020-07-27,83.11,84.30,85.75,82.51,30374,261352130.00,3.92,2.08,1.72,7.23
2020-07-28,84.73,83.60,85.40,82.77,21891,187202121.00,3.12,-0.83,-0.70,5.21
2020-07-29,83.73,92.12,92.12,83.11,41279,368889888.00,10.78,10.19,8.52,9.83
2020-07-30,94.59,91.68,95.20,90.70,54380,513361696.00,4.88,-0.48,-0.44,12.95
2020-07-31,90.75,93.02,94.59,90.41,47984,451709232.00,4.56,1.46,1.34,11.42
2020-08-03,93.03,94.00,95.40,91.42,59323,563222848.00,4.28,1.05,0.98,14.12
2020-08-04,95.19,90.87,95.20,89.73,46854,439579648.00,5.82,-3.33,-3.13,11.16
2020-08-05,97.00,92.22,97.01,91.43,50756,484698320.00,6.14,1.49,1.35,12.08
2020-08-06,90.42,89.50,91.21,87.40,41195,374662560.00,4.13,-2.95,-2.72,9.81
2020-08-07,88.89,86.28,90.50,83.76,37507,331178624.00,7.53,-3.60,-3.22,8.93
2020-08-10,85.30,87.90,89.00,83.89,26739,234613174.00,5.92,1.88,1.62,6.37
2020-08-11,86.40,84.94,87.86,84.58,23541,206261893.00,3.73,-3.37,-2.96,5.61
2020-08-12,85.40,83.80,86.29,81.50,22207,188484446.00,5.64,-1.34,-1.14,5.29
2020-08-13,83.98,84.07,85.28,83.59,16676,143077974.00,2.02,0.32,0.27,3.97
2020-08-14,84.18,87.70,87.71,83.65,29168,254208047.00,4.83,4.32,3.63,6.94
2020-08-17,87.79,89.24,89.35,86.04,32205,288496016.00,3.77,1.76,1.54,7.67
2020-08-18,89.25,87.53,89.94,87.11,29048,260551430.00,3.17,-1.92,-1.71,6.92
2020-08-19,86.53,83.33,86.53,83.15,27563,236473669.00,3.86,-4.80,-4.20,6.56
2020-08-20,82.70,83.72,84.26,80.41,16527,139134997.00,4.62,0.47,0.39,3.94
2020-08-21,83.80,83.36,84.79,82.41,13855,117961641.00,2.84,-0.43,-0.36,3.30
2020-08-24,83.36,81.08,83.89,79.43,18721,155077107.00,5.35,-2.74,-2.28,4.46
2020-08-25,81.17,78.88,81.87,78.81,18914,154508033.00,3.77,-2.71,-2.20,4.50
2020-08-26,78.88,74.94,78.89,74.87,25662,200365451.00,5.10,-4.99,-3.94,6.11
2020-08-27,74.90,79.65,79.78,73.61,30224,239744730.00,8.23,6.29,4.71,7.20
2020-08-28,78.40,78.91,80.00,76.99,23182,185257139.00,3.78,-0.93,-0.74,5.52
2020-08-31,78.88,76.26,79.87,76.18,23482,187699478.00,4.68,-3.36,-2.65,5.59
2020-09-01,75.61,76.77,77.28,74.73,16909,131275443.00,3.34,0.67,0.51,4.03
2020-09-02,77.39,77.19,81.10,76.95,26028,208674131.00,5.41,0.55,0.42,6.20
2020-09-03,77.20,77.59,78.49,74.96,16806,131679031.00,4.57,0.52,0.40,4.00
2020-09-04,76.02,79.60,82.08,75.71,32036,261091188.00,8.21,2.59,2.01,7.63
2020-09-07,79.40,76.14,79.59,75.73,24488,193616849.00,4.85,-4.35,-3.46,5.83
2020-09-08,76.05,72.02,76.05,71.55,24315,181952137.00,5.91,-5.41,-4.12,5.79
2020-09-09,70.30,66.62,70.80,66.50,23792,166353887.00,5.97,-7.50,-5.40,5.66
2020-09-10,68.20,65.61,68.90,65.50,14735,101025233.00,5.10,-1.52,-1.01,3.51
2020-09-11,65.60,67.03,67.37,64.68,16076,109093730.00,4.10,2.16,1.42,3.83
2020-09-14,67.40,68.61,69.16,67.40,14900,104212995.00,2.63,2.36,1.58,3.55
2020-09-15,68.20,68.92,70.20,66.90,15421,108211541.00,4.81,0.45,0.31,3.67
2020-09-16,68.42,68.56,69.39,67.40,11679,81740829.00,2.89,-0.52,-0.36,2.78
2020-09-17,68.96,73.29,75.58,67.90,50052,371922592.00,11.20,6.90,4.73,11.92
2020-09-18,73.17,76.18,77.60,71.70,45490,351278288.00,8.05,3.94,2.89,10.83
2020-09-21,75.40,76.00,77.26,75.02,21177,164927158.00,2.94,-0.24,-0.18,5.04
2020-09-22,75.06,73.99,76.48,73.57,16753,128249683.00,3.83,-2.64,-2.01,3.99
2020-09-23,74.47,74.90,76.90,74.15,15625,120204165.00,3.72,1.23,0.91,3.72
2020-09-24,74.11,73.15,75.46,73.09,14275,108125472.00,3.16,-2.34,-1.75,3.40
2020-09-25,73.25,72.24,74.37,71.58,12550,93049057.00,3.81,-1.24,-0.91,2.99
2020-09-28,71.91,72.40,73.90,69.40,13543,99187093.00,6.23,0.22,0.16,3.22
2020-09-29,72.83,71.93,74.08,71.93,11451,85382641.00,2.97,-0.65,-0.47,2.73
2020-09-30,72.05,70.50,72.87,70.48,9262,67649174.00,3.32,-1.99,-1.43,2.21
2020-10-09,71.91,71.60,73.99,70.99,12447,91868190.00,4.26,1.56,1.10,2.96
2020-10-12,72.63,75.22,75.22,71.92,20701,156335378.00,4.61,5.06,3.62,4.93
2020-10-13,76.00,77.39,78.05,74.22,30854,241152356.00,5.09,2.88,2.17,7.35
2020-10-14,76.68,78.59,79.38,76.23,28055,223758051.00,4.07,1.55,1.20,6.68
2020-10-15,79.40,77.53,79.40,77.50,18212,145697421.00,2.42,-1.35,-1.06,4.34
2020-10-16,78.20,76.39,78.95,75.35,16553,129582710.00,4.64,-1.47,-1.14,3.94
2020-10-19,76.40,75.13,78.00,74.85,12557,96936682.00,4.12,-1.65,-1.26,2.99
2020-10-20,74.43,75.06,75.20,73.60,11952,90982168.00,2.13,-0.09,-0.07,2.85
2020-10-21,74.85,71.40,74.99,71.15,22479,166290590.00,5.12,-4.88,-3.66,5.35
2020-10-22,71.40,69.09,71.40,69.00,16782,119529838.00,3.36,-3.24,-2.31,4.00
2020-10-23,69.09,69.28,70.05,68.09,12020,84951484.00,2.84,0.28,0.19,2.86
2020-10-26,68.28,68.70,69.76,66.58,8618,60395034.00,4.59,-0.84,-0.58,2.05
2020-10-27,68.35,69.45,69.67,68.03,9799,69452869.00,2.39,1.09,0.75,2.33
2020-10-28,69.65,68.35,69.90,67.78,13972,97938398.00,3.05,-1.58,-1.10,3.33
2020-10-29,68.30,70.81,71.59,67.21,19811,142207334.00,6.41,3.60,2.46,4.72
2020-10-30,72.09,73.79,76.17,71.09,33298,252804506.00,7.17,4.21,2.98,7.93
2020-11-02,74.40,75.85,76.90,73.11,27825,214022287.00,5.14,2.79,2.06,6.62
2020-11-03,76.40,76.72,79.28,74.78,22472,177034176.00,5.93,1.15,0.87,5.35
2020-11-04,76.90,75.54,77.88,74.40,18461,143357814.00,4.54,-1.54,-1.18,4.40
2020-11-05,76.76,76.60,78.19,75.69,13622,106631086.00,3.31,1.40,1.06,3.24
2020-11-06,76.62,77.60,77.91,75.20,21263,167209101.00,3.54,1.31,1.00,5.06
2020-11-09,78.30,85.52,85.52,78.30,46627,393769792.00,9.30,10.21,7.92,11.10
2020-11-10,85.52,82.45,85.57,82.05,34419,293214560.00,4.12,-3.59,-3.07,8.20
2020-11-11,82.20,79.22,83.39,79.20,25331,208345781.00,5.08,-3.92,-3.23,6.03
2020-11-12,80.40,78.60,81.33,77.92,16185,130830014.00,4.30,-0.78,-0.62,3.85
2020-11-13,78.40,79.60,81.73,77.18,19312,156932611.00,5.79,1.27,1.00,4.60
2020-11-16,79.60,79.85,80.40,76.58,16821,134829499.00,4.80,0.31,0.25,4.00
2020-11-17,79.78,80.40,80.80,75.90,23022,183549755.00,6.14,0.69,0.55,5.48
2020-11-18,78.94,80.51,81.88,78.92,18197,149424188.00,3.68,0.14,0.11,4.33
2020-11-19,79.62,82.17,82.42,78.02,21800,181087317.00,5.47,2.06,1.66,5.19
2020-11-20,82.17,80.16,82.75,79.90,15824,130453079.00,3.47,-2.45,-2.01,3.77
2020-11-23,79.58,78.39,80.34,77.61,16679,133686806.00,3.41,-2.21,-1.77,3.97
2020-11-24,78.40,78.46,79.75,77.90,11420,91950857.00,2.36,0.09,0.07,2.72
2020-11-25,78.05,76.26,78.78,76.22,14313,113010253.00,3.26,-2.80,-2.20,3.41
2020-11-26,75.90,73.44,77.10,73.00,15988,122676656.00,5.38,-3.70,-2.82,3.81
2020-11-27,73.32,74.43,74.54,71.93,12774,95837066.00,3.55,1.35,0.99,3.04
2020-11-30,74.73,75.70,76.40,73.92,13896,107216033.00,3.33,1.71,1.27,3.31
2020-12-01,75.28,75.70,76.77,75.08,9156,70874671.00,2.23,0.00,0.00,2.18
2020-12-02,76.60,76.18,77.19,75.60,12716,99175752.00,2.10,0.63,0.48,3.03
2020-12-03,75.60,76.29,76.99,75.60,10758,83943236.00,1.82,0.14,0.11,2.56
2020-12-04,75.65,76.17,76.93,75.65,7849,61157485.00,1.68,-0.16,-0.12,1.87
2020-12-07,77.39,79.20,80.25,76.82,25359,203789507.00,4.50,3.98,3.03,6.04
2020-12-08,78.40,78.72,79.15,77.63,15605,124685911.00,1.92,-0.61,-0.48,3.72
2020-12-09,78.65,75.43,79.41,75.40,16231,128393996.00,5.09,-4.18,-3.29,3.86
2020-12-10,74.91,78.00,78.60,73.95,25484,200025731.00,6.16,3.41,2.57,6.07
2020-12-11,78.00,81.70,81.96,76.56,52981,430598512.00,6.92,4.74,3.70,12.61
2020-12-14,81.92,84.38,84.90,80.90,55029,467007056.00,4.90,3.28,2.68,13.10
2020-12-15,83.40,78.30,83.40,78.05,44423,363454512.00,6.34,-7.21,-6.08,10.58
2020-12-16,77.35,75.05,77.37,74.90,27603,214050253.00,3.15,-4.15,-3.25,6.57
2020-12-17,74.40,75.59,75.73,72.08,28146,211871265.00,4.86,0.72,0.54,6.70
2020-12-18,75.93,74.50,76.90,73.59,21459,164745526.00,4.38,-1.44,-1.09,5.11
2020-12-21,73.70,75.22,75.90,72.20,21628,164683659.00,4.97,0.97,0.72,5.15
2020-12-22,74.43,72.60,74.50,72.40,24101,179786362.00,2.79,-3.48,-2.62,5.74
2020-12-23,72.20,72.37,73.14,70.70,20754,152442974.00,3.36,-0.32,-0.23,4.94
2020-12-24,72.20,69.90,72.69,69.90,16790,121981191.00,3.86,-3.41,-2.47,4.00
2020-12-25,69.40,70.13,70.92,68.45,12004,85534551.00,3.53,0.33,0.23,2.86
2020-12-28,69.56,69.72,70.60,69.27,9025,64632519.00,1.90,-0.58,-0.41,2.15
2020-12-29,69.40,71.75,72.30,69.19,15661,114100642.00,4.46,2.91,2.03,3.73
2020-12-30,71.80,70.46,71.80,69.61,15352,110532100.00,3.05,-1.80,-1.29,3.66
2020-12-31,70.66,70.75,71.90,70.12,13854,100573310.00,2.53,0.41,0.29,3.30
2021-01-04,70.75,71.76,72.28,69.90,14798,108043306.00,3.36,1.43,1.01,3.52
2021-01-05,71.10,73.20,73.36,70.58,24892,183503170.00,3.87,2.01,1.44,5.93
2021-01-06,74.40,70.14,74.42,69.98,26982,196300519.00,6.07,-4.18,-3.06,6.42
2021-01-07,69.98,67.53,69.98,67.28,24457,169922113.00,3.85,-3.72,-2.61,5.82
2021-01-08,67.77,68.21,68.23,66.59,13797,95288294.00,2.43,1.01,0.68,3.29
2021-01-11,67.81,64.89,69.70,64.40,32734,224722287.00,7.77,-4.87,-3.32,7.79
2021-01-12,64.52,59.90,64.52,58.55,55071,338876864.00,9.20,-7.69,-4.99,13.11
2021-01-13,59.40,60.53,61.20,58.90,27016,166690977.00,3.84,1.05,0.63,6.43
2021-01-14,61.10,66.31,66.70,60.70,44731,294449680.00,9.91,9.55,5.78,10.65
2021-01-15,66.10,63.68,66.10,62.18,28716,187889190.00,5.91,-3.97,-2.63,6.84
2021-01-18,63.12,65.16,66.20,62.16,26934,179099344.00,6.34,2.32,1.48,6.41
2021-01-19,65.10,63.39,66.85,63.39,24713,163741285.00,5.31,-2.72,-1.77,5.88
2021-01-20,62.90,63.12,63.90,62.30,13869,89599441.00,2.52,-0.43,-0.27,3.30
2021-01-21,63.25,63.37,63.83,62.25,16354,105618222.00,2.50,0.40,0.25,3.89
2021-01-22,63.35,61.55,63.83,61.55,17966,115033391.00,3.60,-2.87,-1.82,4.28
2021-01-25,59.43,60.46,62.25,59.06,15475,96011235.00,5.18,-1.77,-1.09,3.68
2021-01-26,60.50,60.83,62.45,60.26,14154,88987087.00,3.62,0.61,0.37,3.37
2021-01-27,60.50,59.58,60.98,59.10,11585,71094702.00,3.09,-2.05,-1.25,2.76
2021-01-28,63.30,61.25,64.11,61.21,28656,184131861.00,4.87,2.80,1.67,6.82
2021-01-29,60.70,59.51,61.90,58.91,20079,123057374.00,4.88,-2.84,-1.74,4.78
2021-02-01,59.00,57.74,60.10,56.91,16588,99355568.00,5.36,-2.97,-1.77,3.95
2021-02-02,57.45,56.66,57.50,55.91,17017,99092188.00,2.75,-1.87,-1.08,4.05
2021-02-03,55.91,53.81,56.11,53.13,23765,132743539.00,5.26,-5.03,-2.85,5.66
2021-02-04,53.30,54.56,54.99,52.13,18534,102314519.00,5.31,1.39,0.75,4.41
2021-02-05,54.52,52.31,54.52,52.20,14255,77782506.00,4.25,-4.12,-2.25,3.39
2021-02-08,52.32,54.00,54.35,52.09,18030,99493868.00,4.32,3.23,1.69,0.96
2021-02-09,54.00,57.30,58.06,53.47,27100,157467966.00,8.50,6.11,3.30,1.44
2021-02-10,57.40,57.67,58.82,57.06,16041,95425362.00,3.07,0.65,0.37,0.85
2021-02-18,58.40,60.85,61.17,58.40,24116,149632341.00,4.80,5.51,3.18,1.28
2021-02-19,60.44,60.64,61.00,59.38,15794,97814723.00,2.66,-0.35,-0.21,0.84
2021-02-22,60.72,58.70,61.76,58.47,19825,122469288.00,5.43,-3.20,-1.94,1.05
2021-02-23,58.68,62.52,64.40,58.44,35174,223018772.00,10.15,6.51,3.82,1.87
2021-02-24,62.46,63.30,64.99,62.25,32078,208809507.00,4.38,1.25,0.78,1.71
2021-02-25,63.28,63.45,63.85,60.60,22665,145120517.00,5.13,0.24,0.15,1.21
2021-02-26,62.41,62.40,64.70,61.62,19701,127289636.00,4.85,-1.65,-1.05,1.05
2021-03-01,63.06,64.70,65.40,62.35,21398,141151112.00,4.89,3.69,2.30,1.14
2021-03-02,64.72,64.54,65.28,63.18,16746,109973836.00,3.25,-0.25,-0.16,0.89
2021-03-03,63.81,66.28,66.49,63.70,32400,217912540.00,4.32,2.70,1.74,1.72
2021-03-04,66.17,67.28,68.97,65.90,26988,186444504.00,4.63,1.51,1.00,1.44
2021-03-05,66.16,66.82,67.75,62.41,27770,185687109.00,7.94,-0.68,-0.46,1.48
2021-03-08,66.75,68.20,70.40,65.91,31650,222174658.00,6.72,2.07,1.38,1.68
2021-03-09,67.71,66.09,68.40,63.30,21256,144513663.00,7.48,-3.09,-2.11,1.13
2021-03-10,66.39,64.56,67.39,63.40,17718,117766581.00,6.04,-2.32,-1.53,0.94
2021-03-11,64.28,64.72,66.10,63.52,14737,97755818.00,4.00,0.25,0.16,0.78
2021-03-12,64.72,65.16,65.60,63.00,14098,92969897.00,4.02,0.68,0.44,0.75
2021-03-15,63.94,62.19,65.28,61.10,15785,101826954.00,6.41,-4.56,-2.97,0.84
2021-03-16,62.50,61.79,63.59,61.49,10505,67143661.00,3.38,-0.64,-0.40,0.56
2021-03-17,61.45,61.26,62.38,60.59,9258,58329568.00,2.90,-0.86,-0.53,0.49
2021-03-18,61.74,62.34,62.37,61.15,8915,56553204.00,1.99,1.76,1.08,0.47
2021-03-19,61.39,61.25,62.70,60.81,7187,45472445.00,3.03,-1.75,-1.09,0.38
2021-03-22,61.48,60.58,61.85,60.08,8963,55902899.00,2.89,-1.09,-0.67,0.48
2021-03-23,60.50,60.47,62.23,60.25,9897,62111145.00,3.27,-0.18,-0.11,0.53
2021-03-24,60.10,58.50,60.83,58.38,13094,79714579.00,4.05,-3.26,-1.97,0.70
2021-03-25,58.40,58.95,59.25,57.88,7591,45885813.00,2.34,0.77,0.45,0.40
2021-03-26,59.04,60.45,60.85,58.76,8398,51808465.00,3.55,2.54,1.50,0.45
2021-03-29,60.51,61.00,61.61,59.91,9090,56765720.00,2.81,0.91,0.55,0.48
2021-03-30,60.95,60.30,61.46,60.03,8521,52939872.00,2.34,-1.15,-0.70,0.45
2021-03-31,60.46,63.38,63.90,59.70,19828,126449816.00,6.97,5.11,3.08,1.05
2021-04-01,64.40,65.51,66.98,63.98,20796,139316548.00,4.73,3.36,2.13,1.11
2021-04-02,66.40,72.22,72.22,66.39,54950,399100672.00,8.90,10.24,6.71,2.92
2021-04-06,73.40,71.00,73.46,69.93,44697,323903440.00,4.89,-1.69,-1.22,2.38
2021-04-07,72.60,71.76,73.38,69.55,34779,254425709.00,5.39,1.07,0.76,1.85
2021-04-08,71.30,74.40,76.17,70.55,57393,434229168.00,7.83,3.68,2.64,3.05
2021-04-09,72.44,74.78,74.90,72.44,29408,223153844.00,3.31,0.51,0.38,1.56
2021-04-12,74.70,78.13,82.20,74.20,63072,506937056.00,10.70,4.48,3.35,3.35
2021-04-13,77.40,78.10,79.39,76.60,32620,259709719.00,3.57,-0.04,-0.03,1.74
2021-04-14,78.10,77.34,78.39,75.42,23425,183849082.00,3.80,-0.97,-0.76,1.25
2021-04-15,77.34,77.90,78.78,75.40,18770,147935826.00,4.37,0.72,0.56,1.00
2021-04-16,77.95,77.40,78.38,75.68,26933,212396752.00,3.47,-0.64,-0.50,1.43
2021-04-19,76.87,77.49,79.10,76.82,24309,193051745.00,2.95,0.12,0.09,1.29
2021-04-20,77.18,75.60,80.00,75.30,36511,287755504.00,6.07,-2.44,-1.89,1.94
2021-04-21,75.42,73.85,76.69,73.40,27227,208162745.00,4.35,-2.31,-1.75,1.45
2021-04-22,75.51,76.30,77.20,73.91,30905,240242082.00,4.45,3.32,2.45,1.64
2021-04-23,75.87,77.70,78.62,75.87,22292,176579943.00,3.60,1.83,1.40,1.19
2021-04-26,77.70,81.38,82.08,77.70,46355,380622896.00,5.64,4.74,3.68,2.47
2021-04-27,80.30,78.39,80.30,76.78,30614,243855894.00,4.33,-3.67,-2.99,1.63
2021-04-28,78.26,81.60,81.77,77.52,26936,221781164.00,5.42,4.09,3.21,1.43
2021-04-29,82.39,84.12,85.05,81.68,35813,306509888.00,4.13,3.09,2.52,1.90
2021-04-30,84.14,83.57,84.58,81.68,21966,186172775.00,3.45,-0.65,-0.55,1.17
2021-05-06,83.58,82.16,83.58,79.90,18558,154811477.00,4.40,-1.69,-1.41,0.99
2021-05-07,82.17,78.29,84.05,78.01,21317,174714538.00,7.35,-4.71,-3.87,1.13
2021-05-10,78.28,76.07,78.90,74.60,19730,153866518.00,5.49,-2.84,-2.22,1.05
2021-05-11,76.04,76.86,78.11,75.41,11911,93646408.00,3.55,1.04,0.79,0.63
2021-05-12,76.76,76.68,77.40,75.00,10254,79762858.00,3.12,-0.23,-0.18,0.55
2021-05-13,75.60,77.40,78.28,75.40,12679,99805822.00,3.76,0.94,0.72,0.67
2021-05-14,77.37,80.68,81.57,77.00,19575,159453166.00,5.90,4.24,3.28,1.04
2021-05-17,80.98,83.59,84.18,80.40,20442,173689419.00,4.69,3.61,2.91,1.09
2021-05-18,83.20,84.55,84.59,81.79,18683,159149271.00,3.35,1.15,0.96,0.99
2021-05-19,84.90,83.30,87.36,83.06,19910,171392065.00,5.09,-1.48,-1.25,1.06
2021-05-20,82.43,82.52,85.90,81.17,18587,156951701.00,5.68,-0.94,-0.78,0.99
2021-05-21,82.93,81.35,84.50,80.88,11091,92698588.00,4.39,-1.42,-1.17,0.59
2021-05-24,81.52,82.15,83.20,80.09,16118,134094122.00,3.82,0.98,0.80,0.86
2021-05-25,82.26,82.59,83.95,81.70,18874,159298071.00,2.74,0.54,0.44,1.00
2021-05-26,83.24,79.57,83.25,79.07,21601,177311038.00,5.06,-3.66,-3.02,1.15
2021-05-27,79.23,83.90,85.25,78.90,35716,302055328.00,7.98,5.44,4.33,1.90
2021-05-28,84.50,82.28,84.50,81.95,21042,177878170.00,3.04,-1.93,-1.62,1.12
2021-05-31,84.07,89.70,90.40,83.28,51501,462051088.00,8.65,9.02,7.42,2.74
2021-06-01,88.60,91.02,93.60,87.97,46747,435665632.00,6.28,1.47,1.32,2.49
2021-06-02,90.38,88.37,92.02,87.28,34605,314854752.00,5.21,-2.91,-2.65,1.84
2021-06-03,88.37,86.58,89.25,85.68,19465,173575656.00,4.04,-2.03,-1.79,1.04
2021-06-04,86.50,95.40,95.40,86.00,51962,494709104.00,10.86,10.19,8.82,2.76
2021-06-07,98.31,100.35,102.10,96.38,60154,605959472.00,6.00,5.19,4.95,3.20
2021-06-08,98.90,100.80,100.80,97.38,37035,373791200.00,3.41,0.45,0.45,1.97
2021-06-09,100.78,103.60,106.76,100.40,50126,527327696.00,6.31,2.78,2.80,2.67
2021-06-10,101.31,112.25,113.08,101.30,65265,708420128.00,11.37,8.35,8.65,3.47
2021-06-11,110.91,116.28,118.39,106.20,64453,737073184.00,10.86,3.59,4.03,3.43
2021-06-15,113.40,128.07,128.07,112.50,49217,613181024.00,13.39,10.14,11.79,2.62
2021-06-16,140.38,133.00,141.04,130.45,97494,1347476288.00,8.27,3.85,4.93,5.19
2021-06-17,137.40,143.98,146.46,132.41,113058,1594559824.00,10.56,8.26,10.98,6.01
2021-06-18,138.40,137.80,141.20,132.40,88530,1226042128.00,6.11,-4.29,-6.18,4.71
2021-06-21,134.40,141.50,142.45,130.90,77457,1078817424.00,8.38,2.69,3.70,4.12
2021-06-22,138.90,137.00,140.95,135.25,59734,833145072.00,4.03,-3.18,-4.50,3.18
2021-06-23,134.05,142.21,146.50,134.05,89560,1287020800.00,9.09,3.80,5.21,4.76
2021-06-24,140.90,137.90,142.25,136.40,55009,767649072.00,4.11,-3.03,-4.31,2.93
2021-06-25,136.90,144.90,150.90,136.50,77282,1117447344.00,10.44,5.08,7.00,4.11
2021-06-28,144.43,149.23,155.86,142.40,69848,1057081888.00,9.29,2.99,4.33,3.72
2021-06-29,148.82,138.98,149.70,134.60,87494,1236105536.00,10.12,-6.87,-10.25,4.65
2021-06-30,138.87,138.36,144.45,136.41,82526,1169196208.00,5.79,-0.45,-0.62,4.39
2021-07-01,137.90,138.12,138.36,131.92,58819,804734000.00,4.65,-0.17,-0.24,3.13
2021-07-02,136.37,134.84,136.88,128.92,52674,706824896.00,5.76,-2.37,-3.28,2.80
2021-07-05,135.88,140.70,141.09,133.20,59633,830019648.00,5.85,4.35,5.86,3.17
2021-07-06,139.90,137.01,147.27,131.50,79640,1120573664.00,11.21,-2.62,-3.69,4.24
2021-07-07,132.90,139.34,140.10,129.90,54693,749666368.00,7.44,1.70,2.33,2.91
2021-07-08,139.49,148.22,149.54,139.49,85208,1233756176.00,7.21,6.37,8.88,4.53
2021-07-09,144.60,140.23,146.74,135.10,70728,990980976.00,7.85,-5.39,-7.99,3.76
2021-07-12,137.27,143.31,144.10,132.56,72249,1007549984.00,8.23,2.20,3.08,3.84
2021-07-13,134.90,130.92,137.87,128.92,77254,1040893328.00,6.25,-8.65,-12.39,4.11
2021-07-14,128.10,133.20,135.86,127.78,48252,643177280.00,6.17,1.74,2.28,2.57
2021-07-15,133.20,132.94,134.40,129.60,30749,409378224.00,3.60,-0.20,-0.26,1.64
2021-07-16,133.20,133.00,136.57,131.91,39210,531334000.00,3.51,0.05,0.06,2.09
2021-07-19,131.55,135.45,135.77,129.51,41911,562017216.00,4.71,1.84,2.45,2.23
2021-07-20,136.78,135.40,136.78,125.78,58256,771729280.00,8.12,-0.04,-0.05,3.10
2021-07-21,134.80,149.05,149.05,132.91,66684,970094528.00,11.92,10.08,13.65,3.55
2021-07-22,148.13,164.07,164.07,148.13,90795,1466175328.00,10.69,10.08,15.02,4.83
2021-07-23,161.59,176.30,180.06,161.59,90771,1593682000.00,11.26,7.45,12.23,4.83
2021-07-26,180.86,177.92,181.90,170.98,55777,986950400.00,6.19,0.92,1.62,2.97
2021-07-27,180.45,173.07,184.88,171.90,69662,1254475936.00,7.30,-2.73,-4.85,3.71
2021-07-28,167.02,164.10,173.90,158.94,56483,950190768.00,8.64,-5.18,-8.97,3.00
2021-07-29,170.54,171.55,174.68,165.91,44417,762430896.00,5.34,4.54,7.45,2.36
2021-07-30,172.37,171.42,177.10,165.56,41753,722476624.00,6.73,-0.08,-0.13,2.22
2021-08-02,173.40,165.57,175.90,161.64,45275,761826912.00,8.32,-3.41,-5.85,2.41
2021-08-03,163.60,155.29,165.52,153.09,47128,746241744.00,7.51,-6.21,-10.28,2.51
2021-08-04,155.28,158.90,162.70,154.90,43070,689547024.00,5.02,2.32,3.61,2.29
2021-08-05,157.02,157.02,159.97,153.29,33006,521979856.00,4.20,-1.18,-1.88,1.76
2021-08-06,160.06,156.52,162.90,153.43,31094,490355360.00,6.03,-0.32,-0.50,1.65
2021-08-09,150.90,153.21,155.40,146.34,43833,667868512.00,5.79,-2.11,-3.31,2.33
2021-08-10,153.81,148.90,158.73,147.14,36816,562081456.00,7.56,-2.81,-4.31,1.96
2021-08-11,148.90,147.68,149.86,144.92,26026,386984560.00,3.32,-0.82,-1.22,1.38
2021-08-12,147.90,147.05,152.81,146.51,27875,417904400.00,4.27,-0.43,-0.63,1.48
2021-08-13,147.05,142.84,147.05,141.40,31178,448932816.00,3.84,-2.86,-4.21,1.66
2021-08-16,142.85,157.23,157.23,140.70,29194,445764592.00,11.57,10.07,14.39,1.55
2021-08-17,156.90,141.50,159.75,141.40,53403,792712432.00,11.67,-10.00,-15.73,2.84
2021-08-18,134.57,143.70,146.67,134.57,30249,437059008.00,8.55,1.55,2.20,1.61
2021-08-19,144.42,147.39,150.40,140.64,29349,430483488.00,6.79,2.57,3.69,1.56
2021-08-20,146.98,149.01,150.90,144.01,21252,316768784.00,4.67,1.10,1.62,1.13
2021-08-23,150.30,148.20,153.57,145.21,31953,480477072.00,5.61,-0.54,-0.81,1.70
2021-08-24,151.17,157.82,159.57,145.40,35910,560944288.00,9.56,6.49,9.62,1.91
2021-08-25,156.90,152.14,159.44,150.70,25767,398224512.00,5.54,-3.60,-5.68,1.37
2021-08-26,152.29,144.40,155.29,144.13,26799,400654816.00,7.34,-5.09,-7.74,1.43
2021-08-27,143.74,155.43,156.98,143.58,42280,644950672.00,9.28,7.64,11.03,2.25
2021-08-30,157.51,143.63,162.90,142.90,50657,767427408.00,12.87,-7.59,-11.80,2.69
2021-08-31,141.97,137.60,141.97,134.75,40229,558656000.00,5.03,-4.20,-6.03,2.14
2021-09-01,134.32,134.77,136.41,128.76,36638,491971696.00,5.56,-2.06,-2.83,1.95
2021-09-02,133.59,131.72,135.41,128.43,33369,442522272.00,5.18,-2.26,-3.05,1.77
2021-09-03,131.50,131.44,138.78,129.50,42426,567799984.00,7.05,-0.21,-0.28,2.26
2021-09-06,131.80,134.30,135.40,126.90,25458,339982272.00,6.47,2.18,2.86,1.35
2021-09-07,132.17,134.82,135.90,130.08,20736,278509216.00,4.33,0.39,0.52,1.10
2021-09-08,134.79,130.30,134.79,128.00,29931,393906208.00,5.04,-3.35,-4.52,1.59
2021-09-09,129.89,130.39,131.40,128.00,23280,304508400.00,2.61,0.07,0.09,1.24
2021-09-10,130.00,137.82,139.70,126.90,42641,578089472.00,9.82,5.70,7.43,2.27
2021-09-13,134.90,129.66,135.70,128.08,35189,464532096.00,5.53,-5.92,-8.16,1.87
2021-09-14,129.63,137.47,139.53,128.01,44092,603882544.00,8.88,6.02,7.81,2.35
2021-09-15,135.83,130.90,137.46,129.09,32687,433748512.00,6.09,-4.78,-6.57,1.74
2021-09-16,128.91,125.20,132.10,125.20,23919,309639392.00,5.27,-4.35,-5.70,1.27
2021-09-17,126.33,126.49,128.40,124.04,18323,232938888.00,3.48,1.03,1.29,0.97
2021-09-22,124.90,126.29,127.76,122.90,16685,211825139.00,3.84,-0.16,-0.20,0.89
2021-09-23,126.61,126.29,130.25,124.80,24568,315227536.00,4.32,0.00,0.00,1.31
2021-09-24,125.60,125.82,130.49,125.00,20134,258345762.00,4.35,-0.37,-0.47,1.07
2021-09-27,125.80,124.63,129.78,123.90,22366,284642048.00,4.67,-0.95,-1.19,1.19
2021-09-28,123.61,126.21,127.85,122.65,15562,197430283.00,4.17,1.27,1.58,0.83
2021-09-29,124.87,120.90,126.19,119.90,18885,232683780.00,4.98,-4.21,-5.31,1.00
2021-09-30,120.26,124.89,126.29,120.26,18092,226729907.00,4.99,3.30,3.99,0.96
2021-10-08,127.40,118.86,127.40,118.16,25269,309337696.00,7.40,-4.83,-6.03,1.34
2021-10-11,117.90,118.12,121.70,114.90,24408,292718736.00,5.72,-0.62,-0.74,1.30
2021-10-12,117.93,116.15,120.73,115.51,22722,270507824.00,4.42,-1.67,-1.97,1.21
2021-10-13,116.76,116.24,117.78,115.40,13289,156077683.00,2.05,0.08,0.09,0.71
2021-10-14,116.89,105.40,116.89,105.01,70458,772424096.00,10.22,-9.33,-10.84,3.75
2021-10-15,105.75,111.62,113.72,104.80,57902,644565232.00,8.46,5.90,6.22,3.08
2021-10-18,112.35,107.30,112.35,105.03,51188,553808432.00,6.56,-3.87,-4.32,2.72
2021-10-19,107.90,107.09,110.59,105.40,27779,301459584.00,4.84,-0.20,-0.21,1.48
2021-10-20,107.08,107.56,108.30,105.90,20360,220485740.00,2.24,0.44,0.47,1.08
2021-10-21,107.47,107.21,108.78,105.95,16391,177831971.00,2.63,-0.33,-0.35,0.87
2021-10-22,107.90,108.40,111.28,106.91,28686,315954224.00,4.08,1.11,1.19,1.53
2021-10-25,107.85,109.59,109.70,105.44,31280,340065088.00,3.93,1.10,1.19,1.66
2021-10-26,109.40,108.90,112.35,107.30,28861,318842080.00,4.61,-0.63,-0.69,1.54
2021-10-27,108.05,106.26,110.40,105.27,24776,266692927.00,4.71,-2.42,-2.64,1.32
2021-10-28,100.59,106.29,108.05,99.90,37513,400738784.00,7.67,0.03,0.03,2.00
2021-10-29,106.30,105.29,108.27,103.21,32371,346205728.00,4.76,-0.94,-1.00,1.72
2021-11-01,105.40,111.10,113.70,104.01,46995,521056992.00,9.20,5.52,5.81,2.50
2021-11-02,111.49,113.77,117.36,109.98,60897,703989488.00,6.64,2.40,2.67,3.24
2021-11-03,114.10,113.56,115.05,110.00,50066,569650912.00,4.44,-0.18,-0.21,2.66
2021-11-04,114.82,113.51,118.40,112.26,46310,537343856.00,5.41,-0.04,-0.05,2.46
2021-11-05,115.23,119.81,121.88,115.23,67395,808591904.00,5.86,5.55,6.30,3.58
2021-11-08,118.59,114.33,118.59,111.21,65351,752085760.00,6.16,-4.57,-5.48,3.46
2021-11-09,113.70,111.31,114.10,107.90,56576,633891328.00,5.42,-2.64,-3.02,2.99
2021-11-10,111.07,118.39,120.54,110.10,73168,852165024.00,9.38,6.36,7.08,3.87
2021-11-11,117.30,130.34,130.34,116.92,62934,800963280.00,11.34,10.09,11.95,3.33
2021-11-12,132.88,132.35,138.40,129.83,94761,1277949520.00,6.58,1.54,2.01,5.01
2021-11-15,134.90,128.08,135.39,127.50,55416,727284080.00,5.96,-3.23,-4.27,2.93
2021-11-16,127.33,135.35,138.00,127.20,63348,857400176.00,8.43,5.68,7.27,3.35
2021-11-17,135.35,137.90,137.90,131.90,47835,652372176.00,4.43,1.88,2.55,2.53
2021-11-18,137.90,135.96,138.98,134.90,48467,668880848.00,2.96,-1.41,-1.94,2.56
2021-11-19,136.18,143.10,145.90,132.46,51068,712608496.00,9.89,5.25,7.14,2.70
2021-11-22,142.90,157.52,157.52,140.67,66656,1003898544.00,11.77,10.08,14.42,3.53
2021-11-23,153.70,149.35,158.40,146.71,54044,826208368.00,7.42,-5.19,-8.17,2.86
2021-11-24,149.90,151.40,157.90,147.50,48354,741770928.00,6.96,1.37,2.05,2.56
2021-11-25,148.90,151.84,156.29,145.31,38119,583472960.00,7.25,0.29,0.44,2.02
2021-11-26,150.43,149.27,152.78,147.91,22883,345176128.00,3.21,-1.69,-2.57,1.21
2021-11-29,146.88,151.32,152.34,145.90,25694,388195232.00,4.31,1.37,2.05,1.36
2021-11-30,152.80,145.96,154.97,144.82,43190,646325200.00,6.71,-3.54,-5.36,2.28
2021-12-01,145.95,145.67,150.25,144.23,33309,491229920.00,4.12,-0.20,-0.29,1.76
2021-12-02,144.67,142.78,146.38,142.25,25268,366274272.00,2.84,-1.98,-2.89,1.34
2021-12-03,143.32,148.05,149.19,142.40,34769,513182688.00,4.76,3.69,5.27,1.84
2021-12-06,147.00,146.05,150.10,145.50,25139,373802192.00,3.11,-1.35,-2.00,1.33
2021-12-07,146.15,137.53,147.90,135.92,42118,591980960.00,8.20,-5.83,-8.52,2.23
2021-12-08,138.90,140.49,144.40,138.90,38531,548179200.00,4.00,2.15,2.96,2.04
2021-12-09,141.34,139.11,141.34,135.77,28167,391804640.00,3.96,-0.98,-1.38,1.49
2021-12-10,138.09,141.74,142.92,135.90,32572,459786480.00,5.05,1.89,2.63,1.72
2021-12-13,141.40,147.54,148.00,139.40,38794,565927744.00,6.07,4.09,5.80,2.05
2021-12-14,146.91,145.14,146.91,143.69,25739,375861216.00,2.18,-1.63,-2.40,1.36
2021-12-15,146.05,139.98,146.05,139.81,22728,323919936.00,4.30,-3.56,-5.16,1.20
2021-12-16,141.00,138.65,142.18,137.90,16270,228728144.00,3.06,-0.95,-1.33,0.86
2021-12-17,138.70,133.12,138.78,131.48,29146,392889552.00,5.27,-3.99,-5.53,1.54
2021-12-20,133.12,131.10,134.42,128.50,22592,298930848.00,4.45,-1.52,-2.02,1.19
2021-12-21,130.90,130.34,132.88,129.71,17648,232973121.00,2.42,-0.58,-0.76,0.93
2021-12-22,130.92,135.05,138.29,130.70,27021,368820976.00,5.82,3.61,4.71,1.43
2021-12-23,134.93,136.17,136.40,132.40,17037,231611945.00,2.96,0.83,1.12,0.90
2021-12-24,136.52,138.36,144.88,135.01,28768,408406032.00,7.25,1.61,2.19,1.52
2021-12-27,136.10,136.76,141.80,135.20,15218,211409280.00,4.77,-1.16,-1.60,0.80
2021-12-28,136.90,136.96,142.27,136.00,17803,248847475.00,4.58,0.15,0.20,0.94
2021-12-29,135.98,132.20,137.90,130.48,23936,321338096.00,5.42,-3.48,-4.76,1.26
2021-12-30,132.94,140.53,141.53,131.90,31154,434083200.00,7.28,6.30,8.33,1.64
2021-12-31,139.40,135.80,140.59,135.08,20894,288144320.00,3.92,-3.37,-4.73,1.10
2022-01-04,136.06,129.40,136.28,127.31,28224,370607552.00,6.61,-4.71,-6.40,1.49
2022-01-05,128.40,120.96,128.84,119.40,30081,372219312.00,7.30,-6.52,-8.44,1.59
2022-01-06,120.18,119.21,122.86,117.40,25415,306042992.00,4.51,-1.45,-1.75,1.34
2022-01-07,119.21,117.19,120.40,113.72,34511,405979568.00,5.60,-1.69,-2.02,1.82
2022-01-10,116.89,115.43,117.03,113.45,18902,219670063.00,3.05,-1.50,-1.76,1.00
2022-01-11,115.16,112.55,115.27,111.88,20004,228494903.00,2.94,-2.50,-2.88,1.06
2022-01-12,113.85,113.90,114.32,111.03,22298,254346686.00,2.92,1.20,1.35,1.18
2022-01-13,114.51,112.17,115.48,110.38,18446,210073564.00,4.48,-1.52,-1.73,0.97
2022-01-14,111.34,111.90,114.14,111.30,15776,179489719.00,2.53,-0.24,-0.27,0.83
2022-01-17,111.91,111.49,114.16,110.69,20430,230937493.00,3.10,-0.37,-0.41,1.08
2022-01-18,111.90,116.07,117.24,109.10,33602,388936480.00,7.30,4.11,4.58,1.77
2022-01-19,114.48,114.12,115.70,113.00,19129,220605870.00,2.33,-1.68,-1.95,1.01
2022-01-20,113.90,112.81,116.68,112.20,25692,295980640.00,3.93,-1.15,-1.31,1.36
2022-01-21,112.75,111.00,112.75,107.78,23168,257963819.00,4.41,-1.60,-1.81,1.22
2022-01-24,110.18,112.48,113.03,109.56,17288,195054805.00,3.13,1.33,1.48,0.91
2022-01-25,111.90,106.62,112.53,106.60,19137,210200134.00,5.27,-5.21,-5.86,1.01
2022-01-26,108.45,110.12,111.45,106.46,23335,257096382.00,4.68,3.28,3.50,1.23
2022-01-27,111.00,106.27,112.88,105.90,18291,200370401.00,6.34,-3.50,-3.85,0.96
2022-01-28,109.61,105.40,110.26,103.15,19018,204512119.00,6.69,-0.82,-0.87,1.00
2022-02-07,107.64,103.86,109.00,102.92,18082,192126025.00,5.77,-1.46,-1.54,0.95
2022-02-08,104.20,101.85,104.24,98.79,19928,202852411.00,5.25,-1.94,-2.01,1.05
2022-02-09,101.10,99.60,102.39,98.83,25675,259296503.00,3.50,-2.21,-2.25,1.35
2022-02-10,99.78,99.59,100.78,98.10,16521,165753137.00,2.69,-0.01,-0.01,0.87
2022-02-11,99.09,104.69,107.69,97.40,41258,434315024.00,10.33,5.12,5.10,2.18
2022-02-14,104.14,105.70,107.49,102.28,20522,218323223.00,4.98,0.96,1.01,1.08
2022-02-15,105.64,107.59,110.78,105.44,22214,240954463.00,5.05,1.79,1.89,1.17
2022-02-16,107.95,105.57,108.67,105.20,12704,136053542.00,3.23,-1.88,-2.02,0.67
2022-02-17,105.36,108.24,109.40,104.57,17710,192499528.00,4.58,2.53,2.67,0.93
2022-02-18,107.78,107.72,108.75,106.13,8956,97210467.00,2.42,-0.48,-0.52,0.47
2022-02-21,107.33,107.70,108.98,105.90,10881,118060845.00,2.86,-0.02,-0.02,0.57
2022-02-22,106.78,108.77,111.64,104.92,17695,193882191.00,6.24,0.99,1.07,0.93
2022-02-23,109.29,115.80,116.37,109.29,32556,375878608.00,6.51,6.46,7.03,1.72
2022-02-24,115.07,114.44,116.60,112.90,24032,278274496.00,3.20,-1.17,-1.36,1.27
2022-02-25,116.44,117.42,120.80,113.18,31139,368769648.00,6.66,2.60,2.98,1.64
2022-02-28,116.34,115.69,117.86,114.43,19384,226264938.00,2.92,-1.47,-1.73,1.02
2022-03-01,116.46,114.76,117.58,113.39,15732,181950014.00,3.62,-0.80,-0.93,0.83
2022-03-02,111.00,108.13,111.40,106.91,27505,302235600.00,3.91,-5.78,-6.63,1.45
2022-03-03,108.41,107.62,112.10,106.90,22772,251062712.00,4.81,-0.47,-0.51,1.20
2022-03-04,106.53,113.42,115.66,105.90,27566,312939120.00,9.07,5.39,5.80,1.45
2022-03-07,112.90,107.47,114.40,106.22,24780,274168640.00,7.21,-5.25,-5.95,1.31
2022-03-08,107.31,107.31,110.89,104.90,23771,259885416.00,5.57,-0.15,-0.16,1.25
2022-03-09,108.79,108.56,110.22,103.03,27858,301594256.00,6.70,1.16,1.25,1.47
2022-03-10,110.91,105.40,113.32,105.10,26354,286321248.00,7.57,-2.91,-3.16,1.39
2022-03-11,103.27,105.60,106.15,101.03,17355,182595398.00,4.86,0.19,0.20,0.92
2022-03-14,104.88,102.73,106.50,102.10,22852,239820822.00,4.17,-2.72,-2.87,1.21
2022-03-15,102.40,99.98,105.56,98.92,21604,222217620.00,6.46,-2.68,-2.75,1.14
2022-03-16,101.90,104.48,105.11,96.22,27894,283412320.00,8.89,4.50,4.50,1.47
2022-03-17,104.50,103.63,108.29,103.60,27994,298555872.00,4.49,-0.81,-0.85,1.48
2022-03-18,103.20,100.55,103.48,99.32,23198,235907007.00,4.01,-2.97,-3.08,1.22
2022-03-21,100.60,101.06,102.18,98.71,20124,204372821.00,3.45,0.51,0.51,1.06
2022-03-22,101.06,98.01,101.56,97.22,21458,214518119.00,4.29,-3.02,-3.05,1.13
2022-03-23,98.34,96.29,99.13,95.90,22607,220956717.00,3.30,-1.75,-1.72,1.19
2022-03-24,96.20,92.88,96.25,91.78,27434,257953558.00,4.64,-3.54,-3.41,1.45
2022-03-25,93.43,89.73,94.85,88.90,23818,220348079.00,6.41,-3.39,-3.15,1.26
2022-03-28,88.98,88.89,90.38,87.03,22979,206069431.00,3.73,-0.94,-0.84,1.21
2022-03-29,88.50,85.87,89.68,85.05,19298,169224384.00,5.21,-3.40,-3.02,1.02
2022-03-30,86.94,88.95,89.48,85.52,26484,234790164.00,4.61,3.59,3.08,1.40
2022-03-31,88.95,89.03,90.18,87.20,23049,206899901.00,3.35,0.09,0.08,1.21
2022-04-01,89.61,91.38,92.78,87.80,27358,251950737.00,5.59,2.64,2.35,1.44
2022-04-06,91.38,88.09,91.38,87.40,22564,202553508.00,4.36,-3.60,-3.29,1.19
2022-04-07,87.15,86.26,89.78,86.26,19973,177375339.00,4.00,-2.08,-1.83,1.05
2022-04-08,86.20,85.67,87.70,84.32,15052,131012890.00,3.92,-0.68,-0.59,0.79
2022-04-11,85.34,80.94,85.39,80.20,18901,156683687.00,6.06,-5.52,-4.73,1.00
2022-04-12,80.61,80.95,81.75,80.00,20002,163844589.00,2.16,0.01,0.01,1.05
2022-04-13,80.81,77.33,80.81,76.90,17970,142419406.00,4.83,-4.47,-3.62,0.95
2022-04-14,77.79,79.58,80.94,75.87,27266,216511622.00,6.56,2.91,2.25,1.44
2022-04-15,77.97,81.02,82.40,77.89,19978,163238829.00,5.67,1.81,1.44,1.05
2022-04-18,79.90,82.85,83.20,78.90,18703,155670055.00,5.31,2.26,1.83,0.99
2022-04-19,82.85,80.85,82.85,80.55,13886,114892376.00,2.78,-2.41,-2.00,0.73
2022-04-20,80.85,78.98,81.70,78.95,9950,80656375.00,3.40,-2.31,-1.87,0.52
2022-04-21,79.38,76.78,80.96,76.20,14598,116446653.00,6.03,-2.79,-2.20,0.77
2022-04-22,77.02,73.46,77.40,73.00,24759,186740463.00,5.73,-4.32,-3.32,1.30
2022-04-25,71.90,67.04,71.90,66.71,26430,186243191.00,7.07,-8.74,-6.42,1.39
2022-04-26,68.90,65.02,69.30,64.55,24347,166182131.00,7.09,-3.01,-2.02,1.28
2022-04-27,63.48,69.81,70.50,63.00,24815,168618159.00,11.53,7.37,4.79,1.31
2022-04-28,67.02,64.90,67.40,63.47,40346,266034816.00,5.63,-7.03,-4.91,2.13
2022-04-29,66.18,67.67,68.14,64.41,26581,179151124.00,5.75,4.27,2.77,1.40
2022-05-05,67.40,67.50,68.47,65.91,20628,141306070.00,3.78,-0.25,-0.17,1.09
2022-05-06,65.90,68.32,69.40,64.80,26240,179955666.00,6.81,1.21,0.82,1.38
2022-05-09,68.40,68.60,69.45,66.79,20397,141713557.00,3.89,0.41,0.28,1.07
2022-05-10,67.50,71.55,72.71,66.90,28763,207731591.00,8.47,4.30,2.95,1.52
2022-05-11,71.90,78.82,78.82,70.78,26547,205993762.00,11.24,10.16,7.27,1.40
2022-05-12,78.79,76.36,78.79,75.17,35671,276954128.00,4.59,-3.12,-2.46,1.88
2022-05-13,76.89,76.07,77.68,75.17,17125,132340274.00,3.29,-0.38,-0.29,0.90
2022-05-16,76.81,74.90,78.00,74.65,14977,115271445.00,4.40,-1.54,-1.17,0.79
2022-05-17,75.11,76.02,76.77,74.15,20777,159844821.00,3.50,1.50,1.12,1.09
2022-05-18,76.40,75.25,77.40,74.93,17198,132603266.00,3.25,-1.01,-0.77,0.91
2022-05-19,73.65,76.20,77.26,73.28,20930,160603414.00,5.29,1.26,0.95,1.10
2022-05-20,76.19,78.57,80.71,75.29,29416,231311684.00,7.11,3.11,2.37,1.55
2022-05-23,78.80,78.46,78.98,76.31,17565,138301807.00,3.40,-0.14,-0.11,0.93
2022-05-24,78.42,73.34,78.42,72.92,19009,146693630.00,7.01,-6.53,-5.12,1.00
2022-05-25,73.33,74.01,75.89,73.05,14706,110439723.00,3.87,0.91,0.67,0.77
2022-05-26,74.01,72.55,74.40,70.91,26107,192464035.00,4.72,-1.97,-1.46,1.38
2022-05-27,73.25,71.93,75.42,71.20,20133,149851141.00,5.82,-0.85,-0.62,1.06
2022-05-30,72.20,73.93,74.52,71.00,17033,126485086.00,4.89,2.78,2.00,0.90
2022-05-31,74.02,80.40,81.43,71.78,42208,331277792.00,13.05,8.75,6.47,2.22
2022-06-01,78.69,79.58,80.35,77.90,25502,204546247.00,3.05,-1.02,-0.82,1.34
2022-06-02,79.75,81.95,82.15,78.79,25441,209123753.00,4.22,2.98,2.37,1.34
2022-06-06,80.96,85.15,87.78,80.96,45354,390559360.00,8.32,3.90,3.20,2.39
2022-06-07,86.40,84.31,86.88,83.05,21142,180137230.00,4.50,-0.99,-0.84,1.11
2022-06-08,83.90,83.06,84.75,81.78,20241,170249948.00,3.52,-1.48,-1.25,1.07
2022-06-09,82.74,79.18,83.70,78.18,22114,179668283.00,6.65,-4.67,-3.88,1.16
2022-06-10,78.41,79.04,79.87,76.92,44734,357799312.00,3.73,-0.18,-0.14,2.36
2022-06-13,78.70,77.86,78.70,75.95,28082,219753151.00,3.48,-1.49,-1.18,1.48
2022-06-14,76.58,74.13,77.40,72.13,30642,229849011.00,6.77,-4.79,-3.73,1.61
2022-06-15,73.86,78.38,79.40,73.40,37307,294899664.00,8.09,5.73,4.25,1.97
2022-06-16,79.90,80.42,81.72,78.56,32207,262990183.00,4.03,2.60,2.04,1.70
2022-06-17,78.92,80.86,81.10,77.91,23247,187811022.00,3.97,0.55,0.44,1.22
2022-06-20,81.08,80.87,83.10,79.70,24130,198357068.00,4.20,0.01,0.01,1.27
2022-06-21,80.56,79.87,82.23,79.10,20647,168269634.00,3.87,-1.24,-1.00,1.09
2022-06-22,79.87,76.89,81.20,76.80,20638,164181005.00,5.51,-3.73,-2.98,1.09
2022-06-23,76.60,78.21,78.65,75.98,24107,189237759.00,3.47,1.72,1.32,1.27
2022-06-24,78.80,80.73,81.90,77.38,28962,235009410.00,5.78,3.22,2.52,1.53
2022-06-27,81.03,80.80,82.78,80.14,21788,179538837.00,3.27,0.09,0.07,1.15
2022-06-28,80.50,82.85,83.78,77.30,39136,317959648.00,8.02,2.54,2.05,2.06
2022-06-29,82.57,81.57,85.91,81.49,52778,448298576.00,5.33,-1.54,-1.28,2.78
2022-06-30,82.06,89.84,89.84,82.06,53379,468439920.00,9.54,10.14,8.27,2.81
2022-07-01,93.03,95.52,98.56,92.60,95318,918732928.00,6.63,6.32,5.68,5.02
2022-07-04,93.68,95.42,98.01,85.91,76162,696406032.00,12.67,-0.10,-0.10,4.01
2022-07-05,93.18,95.93,97.90,92.53,43477,420397280.00,5.63,0.53,0.51,2.29
2022-07-06,97.46,105.63,105.63,95.26,66131,692943408.00,10.81,10.11,9.70,3.48
2022-07-07,105.02,103.24,112.70,95.40,78241,810938176.00,16.38,-2.26,-2.39,4.12
2022-07-08,103.24,106.49,112.65,100.91,57981,627383456.00,11.37,3.15,3.25,3.05
2022-07-11,103.38,106.90,109.05,101.35,40103,429281284.00,7.23,0.39,0.41,2.11
2022-07-12,105.30,99.05,107.89,99.03,43981,455446575.00,8.29,-7.34,-7.85,2.32
2022-07-13,99.05,96.45,100.56,94.80,35839,350272461.00,5.82,-2.62,-2.60,1.89
2022-07-14,96.50,96.44,98.87,95.40,29662,291571699.00,3.60,-0.01,-0.01,1.56
2022-07-15,96.46,94.90,99.04,94.90,25878,253952041.00,4.29,-1.60,-1.54,1.36
2022-07-18,96.34,94.18,96.34,91.20,29342,276515490.00,5.42,-0.76,-0.72,1.55
2022-07-19,94.30,90.96,95.08,89.96,32918,305142670.00,5.44,-3.42,-3.22,1.73
2022-07-20,91.67,91.21,93.33,90.40,25846,239813028.00,3.22,0.27,0.25,1.36
2022-07-21,91.50,94.27,96.88,89.15,48397,462928279.00,8.47,3.35,3.06,2.55
2022-07-22,93.69,88.98,93.70,88.06,41462,378389065.00,5.98,-5.61,-5.29,2.18
2022-07-25,88.32,86.40,88.83,85.95,18614,163968633.00,3.24,-2.90,-2.58,0.98
2022-07-26,86.02,87.19,87.60,84.53,17170,149917296.00,3.55,0.91,0.79,0.90
2022-07-27,86.68,86.19,87.52,85.90,14362,125697052.00,1.86,-1.15,-1.00,0.76
2022-07-28,87.30,93.40,93.40,87.30,43046,394973458.00,7.08,8.37,7.21,2.27
2022-07-29,92.30,93.21,94.70,90.37,30623,285315894.00,4.64,-0.20,-0.19,1.61
2022-08-01,91.67,92.38,93.40,87.40,21827,201796719.00,6.44,-0.89,-0.83,1.15
2022-08-02,91.41,95.18,97.88,88.00,39630,375321131.00,10.69,3.03,2.80,2.09
2022-08-03,95.20,98.20,102.89,93.99,46577,461755312.00,9.35,3.17,3.02,2.45
2022-08-04,98.20,100.10,101.48,96.78,35214,356074991.00,4.79,1.93,1.90,1.85
2022-08-05,99.89,106.59,107.90,98.19,48584,515024530.00,9.70,6.48,6.49,2.56
2022-08-08,104.90,102.00,105.91,100.72,35149,363807317.00,4.87,-4.31,-4.59,1.85
2022-08-09,100.06,101.22,102.22,96.90,34969,348056871.00,5.22,-0.76,-0.78,1.84
2022-08-10,98.49,101.06,103.34,97.84,32437,329535883.00,5.43,-0.16,-0.16,1.71
2022-08-11,101.95,107.83,108.75,101.95,45767,487692163.00,6.73,6.70,6.77,2.41
2022-08-12,106.75,100.66,108.74,100.64,36798,381445597.00,7.51,-6.65,-7.17,1.94
2022-08-15,99.75,99.66,100.66,97.29,29313,289631671.00,3.35,-0.99,-1.00,1.54
2022-08-16,98.71,97.53,99.52,97.25,21423,210565986.00,2.28,-2.14,-2.13,1.13
2022-08-17,97.25,100.15,100.42,95.51,27230,267839579.00,5.03,2.69,2.62,1.43
2022-08-18,98.96,96.83,99.55,96.05,27818,272650334.00,3.49,-3.32,-3.32,1.47
2022-08-19,95.84,92.38,98.17,92.24,28620,270640076.00,6.12,-4.60,-4.45,1.51
2022-08-22,92.09,94.41,95.56,90.50,17195,162172834.00,5.48,2.20,2.03,0.91
2022-08-23,93.93,93.08,94.45,92.23,15495,144790801.00,2.35,-1.41,-1.33,0.82
2022-08-24,92.75,89.27,92.85,88.40,22812,205982634.00,4.78,-4.09,-3.81,1.20
2022-08-25,89.35,87.43,90.72,86.50,15385,135997210.00,4.73,-2.06,-1.84,0.81
2022-08-26,87.75,86.79,89.25,86.65,12538,110564135.00,2.97,-0.73,-0.64,0.66
2022-08-29,85.61,86.37,88.51,85.26,13924,120954470.00,3.74,-0.48,-0.42,0.73
2022-08-30,86.75,85.25,87.85,83.72,19146,164140563.00,4.78,-1.30,-1.12,1.01
2022-08-31,84.51,81.92,85.46,81.53,19295,160756978.00,4.61,-3.91,-3.33,1.02
2022-09-01,82.83,83.22,84.71,81.64,16257,135178206.00,3.75,1.59,1.30,0.86
2022-09-02,82.74,82.96,84.61,82.28,15089,126354394.00,2.80,-0.31,-0.26,0.79
2022-09-05,82.66,79.22,82.66,76.51,44854,352959672.00,7.41,-4.51,-3.74,2.36
2022-09-06,79.70,79.01,80.05,77.58,28023,221401507.00,3.12,-0.27,-0.21,1.48
2022-09-07,79.25,79.91,81.43,78.94,33462,269402628.00,3.15,1.14,0.90,1.76
2022-09-08,79.75,78.11,79.75,77.76,17177,135023790.00,2.49,-2.25,-1.80,0.90
2022-09-09,77.29,78.70,78.75,76.45,15113,117592774.00,2.94,0.76,0.59,0.80
2022-09-13,78.70,79.25,82.35,78.65,21946,177115608.00,4.70,0.70,0.55,1.16
2022-09-14,77.75,78.75,79.71,76.29,14849,116608374.00,4.32,-0.63,-0.50,0.78
2022-09-15,78.73,75.73,79.13,75.54,19616,150921592.00,4.56,-3.83,-3.02,1.03
2022-09-16,74.89,74.75,76.55,74.45,16635,126182132.00,2.77,-1.29,-0.98,0.88
2022-09-19,75.75,73.53,76.25,72.63,15886,117597138.00,4.84,-1.63,-1.22,0.84
2022-09-20,73.87,72.82,74.23,72.05,14876,109090061.00,2.96,-0.97,-0.71,0.78
2022-09-21,72.66,72.05,72.92,70.98,14505,104533699.00,2.66,-1.06,-0.77,0.76
2022-09-22,71.42,71.21,72.88,71.15,12266,88547061.00,2.40,-1.17,-0.84,0.65
2022-09-23,71.38,68.77,71.71,68.60,18869,131612251.00,4.37,-3.43,-2.44,0.99
2022-09-26,68.75,69.35,70.34,67.83,16970,118519709.00,3.65,0.84,0.58,0.89
2022-09-27,70.31,70.71,71.03,69.13,13878,97745631.00,2.74,1.96,1.36,0.73
2022-09-28,70.72,68.90,70.75,68.90,9840,68775991.00,2.62,-2.56,-1.81,0.52
2022-09-29,69.06,68.54,70.35,68.12,10870,75408366.00,3.24,-0.52,-0.36,0.57
2022-09-30,68.44,67.25,69.33,67.25,10295,70548493.00,3.03,-1.88,-1.29,0.54
2022-10-10,65.75,62.51,65.75,62.40,18051,115371441.00,4.98,-7.05,-4.74,0.95
2022-10-11,62.41,60.56,62.41,59.26,22588,137552109.00,5.04,-3.12,-1.95,1.19
2022-10-12,61.78,64.34,64.50,60.20,22865,142313672.00,7.10,6.24,3.78,1.20
2022-10-13,64.35,64.83,67.10,63.41,20453,134993826.00,5.74,0.76,0.49,1.08
2022-10-14,65.88,66.41,66.55,64.55,15818,104563966.00,3.08,2.44,1.58,0.83
2022-10-17,66.25,67.23,67.96,65.55,18831,126784912.00,3.63,1.23,0.82,0.99
2022-10-18,68.01,66.51,68.08,66.10,11595,77556866.00,2.95,-1.07,-0.72,0.61
2022-10-19,66.49,66.23,67.33,65.15,15296,101873868.00,3.28,-0.42,-0.28,0.81
2022-10-20,65.54,68.05,70.20,65.03,28393,193460715.00,7.81,2.75,1.82,1.50
2022-10-21,68.25,66.75,68.25,65.77,16266,108830905.00,3.64,-1.91,-1.30,0.86
2022-10-24,67.17,67.69,69.67,66.78,22630,154804390.00,4.33,1.41,0.94,1.19
2022-10-25,67.25,66.48,68.15,65.62,16684,111606438.00,3.74,-1.79,-1.21,0.88
2022-10-26,66.52,68.96,69.43,65.80,26125,179031648.00,5.46,3.73,2.48,1.38
2022-10-27,69.46,68.53,70.05,67.86,21091,145760470.00,3.18,-0.62,-0.43,1.11
2022-10-28,66.99,64.65,68.19,64.21,32839,217690942.00,5.81,-5.66,-3.88,1.73
2022-10-31,63.59,65.14,66.62,62.75,19154,125738475.00,5.99,0.76,0.49,1.01
2022-11-01,64.75,65.88,66.25,63.58,19954,130131986.00,4.10,1.14,0.74,1.05
2022-11-02,67.21,72.49,72.49,67.21,24945,178512135.00,8.01,10.03,6.61,1.31
2022-11-03,72.46,74.20,75.55,71.75,64847,479974266.00,5.24,2.36,1.71,3.41
2022-11-04,73.75,78.04,78.29,72.25,63951,490410076.00,8.14,5.18,3.84,3.37
2022-11-07,77.75,76.32,78.86,75.76,31688,244379391.00,3.97,-2.20,-1.72,1.66
2022-11-08,76.81,74.87,76.81,73.82,23214,173901782.00,3.92,-1.90,-1.45,1.22
2022-11-09,74.80,74.80,76.03,74.26,16333,123104953.00,2.36,-0.09,-0.07,0.86
2022-11-10,74.81,73.00,76.25,72.80,18260,135786817.00,4.61,-2.41,-1.80,0.96
2022-11-11,76.25,74.94,76.75,74.28,27212,206266064.00,3.38,2.66,1.94,1.42
2022-11-14,74.94,75.35,77.34,73.76,21921,166995060.00,4.78,0.55,0.41,1.15
2022-11-15,75.41,82.91,82.91,74.75,59310,477826414.00,10.83,10.03,7.56,3.11
2022-11-16,83.79,81.42,86.04,81.36,54934,459097320.00,5.64,-1.80,-1.49,2.88
2022-11-17,82.75,85.41,86.95,79.35,62143,520190145.00,9.33,4.90,3.99,3.25
2022-11-18,84.54,83.64,86.84,83.45,34487,294000777.00,3.97,-2.07,-1.77,1.81
2022-11-21,82.75,80.87,82.75,79.85,23727,192891939.00,3.47,-3.31,-2.77,1.24
2022-11-22,80.90,81.19,82.25,79.35,22889,186603281.00,3.59,0.40,0.32,1.20
2022-11-23,80.64,79.07,81.25,78.10,19816,158007627.00,3.88,-2.61,-2.12,1.04
2022-11-24,79.78,79.09,81.02,78.70,13153,104856397.00,2.93,0.03,0.02,0.69
2022-11-25,79.05,80.60,81.75,78.65,18563,149563523.00,3.92,1.91,1.51,0.97
2022-11-28,78.95,77.11,80.90,75.35,29080,227299499.00,6.89,-4.33,-3.49,1.52
2022-11-29,77.35,77.95,79.36,76.11,21743,169425679.00,4.21,1.09,0.84,1.14
2022-11-30,77.55,77.00,78.69,76.25,14000,108635673.00,3.13,-1.22,-0.95,0.73
2022-12-01,78.05,79.32,80.60,77.75,24060,191710750.00,3.70,3.01,2.32,1.26
2022-12-02,78.90,79.01,80.30,78.50,13922,110527684.00,2.27,-0.39,-0.31,0.73
2022-12-05,78.66,80.11,80.11,78.35,15653,124741437.00,2.23,1.39,1.10,0.82
2022-12-06,80.13,80.50,83.41,80.11,24308,198870291.00,4.12,0.49,0.39,1.27
2022-12-07,79.74,76.75,79.74,76.35,31321,244139442.00,4.21,-4.66,-3.75,1.64
2022-12-08,76.75,74.47,77.18,74.02,26535,199087045.00,4.12,-2.97,-2.28,1.39
2022-12-09,74.47,75.78,75.78,73.85,46993,352190296.00,2.59,1.76,1.31,2.46
2022-12-12,75.03,77.42,79.75,73.44,41009,316332066.00,8.33,2.16,1.64,2.15
2022-12-13,78.26,74.77,78.40,74.66,22469,170296374.00,4.83,-3.42,-2.65,1.18
2022-12-14,77.25,74.45,77.95,74.44,26829,204750951.00,4.69,-0.43,-0.32,1.40
2022-12-15,76.08,75.45,77.00,73.55,25557,194808239.00,4.63,1.34,1.00,1.34
2022-12-16,75.25,74.15,75.25,73.75,14902,110890121.00,1.99,-1.72,-1.30,0.78
2022-12-19,73.75,72.02,74.80,71.87,14637,107354239.00,3.95,-2.87,-2.13,0.77
2022-12-20,71.91,72.41,73.41,71.17,11620,84061442.00,3.11,0.54,0.39,0.61
2022-12-21,72.41,70.61,72.88,70.27,12168,87147351.00,3.60,-2.49,-1.80,0.64
2022-12-22,71.05,68.95,71.15,68.84,14366,100628193.00,3.27,-2.35,-1.66,0.75
2022-12-23,68.39,68.91,69.41,67.86,12500,86251230.00,2.25,-0.06,-0.04,0.65
2022-12-26,68.78,69.68,71.09,68.57,17152,120900510.00,3.66,1.12,0.77,0.90
2022-12-27,70.35,70.75,71.45,68.50,18527,130081410.00,4.23,1.54,1.07,0.97
2022-12-28,70.75,69.55,70.75,69.15,11388,79621249.00,2.26,-1.70,-1.20,0.60
2022-12-29,69.06,69.08,70.30,68.76,10009,69714713.00,2.21,-0.68,-0.47,0.52
2022-12-30,69.20,68.56,70.04,67.44,12500,85712538.00,3.76,-0.75,-0.52,0.65
2023-01-03,68.37,70.72,71.03,67.50,15942,111589430.00,5.15,3.15,2.16,0.83
2023-01-04,71.04,70.74,72.40,70.31,18348,130977468.00,2.96,0.03,0.02,0.96
2023-01-05,70.40,71.17,72.25,70.34,15811,113435243.00,2.70,0.61,0.43,0.83
2023-01-06,71.35,71.32,72.73,70.41,19515,140746592.00,3.26,0.21,0.15,1.02
2023-01-09,71.32,71.73,73.15,70.95,13460,97260277.00,3.08,0.57,0.41,0.70
2023-01-10,72.09,72.92,75.00,71.56,22458,164994622.00,4.80,1.66,1.19,1.17
2023-01-11,72.75,71.76,73.91,70.75,23556,170156218.00,4.33,-1.59,-1.16,1.23
2023-01-12,71.73,71.86,72.25,70.50,13622,97870767.00,2.44,0.14,0.10,0.71
2023-01-13,71.95,71.96,72.24,70.98,12245,88092727.00,1.75,0.14,0.10,0.64
2023-01-16,69.75,73.14,73.66,69.75,29144,212827398.00,5.43,1.64,1.18,1.52
2023-01-17,73.41,75.82,76.51,73.25,37360,283046388.00,4.46,3.66,2.68,1.95
2023-01-18,75.45,75.25,76.25,74.00,21929,164868625.00,2.97,-0.75,-0.57,1.15
2023-01-19,75.27,76.97,77.73,74.59,23532,180677320.00,4.17,2.29,1.72,1.23
2023-01-20,77.17,76.12,77.75,75.93,17288,132465049.00,2.36,-1.10,-0.85,0.90
2023-01-30,77.38,77.61,78.25,76.45,21513,167158934.00,2.36,1.96,1.49,1.13
2023-01-31,77.20,75.35,77.54,75.07,18636,141697160.00,3.18,-2.91,-2.26,0.97
2023-02-01,75.63,76.14,77.11,75.25,22863,174525724.00,2.47,1.05,0.79,1.20
2023-02-02,77.38,83.78,83.78,76.14,56025,451521835.00,10.03,10.03,7.64,2.93
2023-02-03,83.78,81.57,84.66,79.94,69425,569718896.00,5.63,-2.64,-2.21,3.63
2023-02-06,81.31,80.38,82.55,79.78,36588,296888904.00,3.40,-1.46,-1.19,1.91
2023-02-07,80.38,82.94,85.13,79.25,70880,583880291.00,7.32,3.18,2.56,3.71
2023-02-08,83.95,86.23,88.69,83.55,88187,763832139.00,6.20,3.97,3.29,2.12
2023-02-09,84.74,89.85,91.75,82.62,73891,652287064.00,10.59,4.20,3.62,1.78
2023-02-10,88.25,87.95,90.25,87.36,42767,379291317.00,3.22,-2.11,-1.90,1.03
2023-02-13,86.82,88.37,88.85,86.43,37290,328982717.00,2.75,0.48,0.42,0.90
2023-02-14,87.75,88.01,90.57,87.75,37227,331687261.00,3.19,-0.41,-0.36,0.90
2023-02-15,87.93,89.13,89.38,86.86,33168,294383909.00,2.86,1.27,1.12,0.80
2023-02-16,88.30,88.58,91.75,87.31,53684,481629313.00,4.98,-0.62,-0.55,1.29
2023-02-17,88.35,83.83,88.35,83.35,41079,350295493.00,5.64,-5.36,-4.75,0.99
2023-02-20,83.84,82.57,84.25,81.44,39443,326459385.00,3.35,-1.50,-1.26,0.95
2023-02-21,82.65,81.15,83.46,80.63,24556,201298022.00,3.43,-1.72,-1.42,0.59
2023-02-22,80.75,79.95,80.95,79.55,25813,207359585.00,1.73,-1.48,-1.20,0.62
2023-02-23,79.95,80.31,81.25,79.38,25170,202526164.00,2.34,0.45,0.36,0.61
2023-02-24,81.92,81.18,83.48,80.70,40445,332339757.00,3.46,1.08,0.87,0.97
2023-02-27,80.05,80.18,81.85,79.76,22620,183059934.00,2.57,-1.23,-1.00,0.54
2023-02-28,81.15,84.05,86.95,80.75,53613,451694322.00,7.73,4.83,3.87,1.29
2023-03-01,83.05,85.69,87.30,82.75,43558,371283398.00,5.41,1.95,1.64,1.05
2023-03-02,85.75,85.27,86.87,84.75,34041,293044935.00,2.47,-0.49,-0.42,0.82
2023-03-03,86.29,84.75,87.71,83.84,47958,409523861.00,4.54,-0.61,-0.52,1.15
2023-03-06,84.35,79.72,84.53,79.72,62241,506428885.00,5.68,-5.94,-5.03,1.50
2023-03-07,79.44,75.63,79.44,75.63,46572,360490377.00,4.78,-5.13,-4.09,1.12
2023-03-08,75.49,75.64,76.41,74.85,25551,193856839.00,2.06,0.01,0.01,0.62
2023-03-09,75.73,77.43,78.25,75.35,35358,273585368.00,3.83,2.37,1.79,0.85
2023-03-10,76.51,75.38,78.00,75.34,26725,204963666.00,3.44,-2.65,-2.05,0.64
2023-03-13,74.88,72.95,76.24,72.75,37811,279095280.00,4.63,-3.22,-2.43,0.91
2023-03-14,72.95,75.40,75.95,71.86,48960,364980636.00,5.61,3.36,2.45,1.18
2023-03-15,75.53,76.76,78.33,75.50,38790,300092607.00,3.75,1.80,1.36,0.93
2023-03-16,76.05,76.64,78.60,75.95,30511,236790709.00,3.45,-0.16,-0.12,0.73
2023-03-17,77.61,83.74,84.33,76.81,95528,782538401.00,9.81,9.26,7.10,2.30
2023-03-20,85.12,89.95,90.43,84.35,117631,1050881038.00,7.26,7.42,6.21,2.83
2023-03-21,88.15,89.24,90.98,87.72,54523,488171856.00,3.62,-0.79,-0.71,1.31
2023-03-22,89.24,90.88,91.38,88.55,52549,475572288.00,3.17,1.84,1.64,1.26
2023-03-23,90.69,97.10,97.75,89.55,105685,1003205352.00,9.02,6.84,6.22,2.54
2023-03-24,97.05,95.60,97.70,92.95,62017,592436591.00,4.89,-1.54,-1.50,1.49
2023-03-27,94.78,93.35,97.17,92.07,63362,598979781.00,5.33,-2.35,-2.25,1.53
2023-03-28,93.35,89.21,93.81,88.92,68551,622642910.00,5.24,-4.43,-4.14,1.65
2023-03-29,89.17,89.89,91.55,87.53,45758,411832637.00,4.51,0.76,0.68,1.10
2023-03-30,90.57,90.94,91.90,89.47,47812,435415302.00,2.70,1.17,1.05,1.15
2023-03-31,90.81,89.78,91.53,89.24,31266,282303874.00,2.52,-1.28,-1.16,0.75
2023-04-03,90.55,90.13,92.39,89.21,51230,465064165.00,3.54,0.39,0.35,1.23
2023-04-04,90.28,93.35,96.25,90.21,100688,943873929.00,6.70,3.57,3.22,2.42
2023-04-06,96.25,102.71,102.71,96.25,92184,933817962.00,6.92,10.03,9.36,2.22
2023-04-07,101.74,101.48,102.41,97.32,100605,1009970335.00,4.96,-1.20,-1.23,2.42
2023-04-10,101.34,99.84,105.62,98.03,88030,895929420.00,7.48,-1.62,-1.64,2.12
2023-04-11,99.80,96.55,100.35,92.75,96257,931652943.00,7.61,-3.30,-3.29,2.32
2023-04-12,98.12,99.26,100.44,96.20,81001,799466430.00,4.39,2.81,2.71,1.95
2023-04-13,97.91,93.37,98.95,93.25,59850,573019327.00,5.74,-5.93,-5.89,1.44
2023-04-14,94.47,95.62,96.66,92.88,61360,585189955.00,4.05,2.41,2.25,1.48
2023-04-17,95.67,91.73,96.35,91.68,58493,546139589.00,4.88,-4.07,-3.89,1.41
2023-04-18,91.17,89.75,91.73,88.68,47862,431129398.00,3.32,-2.16,-1.98,1.15
2023-04-19,90.60,88.65,91.10,88.48,49041,441585003.00,2.92,-1.23,-1.10,1.18
2023-04-20,88.00,89.95,91.00,87.60,50367,452797890.00,3.84,1.47,1.30,1.21
2023-04-21,88.65,81.20,88.65,81.13,88015,742262313.00,8.36,-9.73,-8.75,2.12
2023-04-24,81.23,78.85,82.04,77.68,65783,523975507.00,5.37,-2.89,-2.35,1.58
2023-04-25,78.88,76.25,79.85,75.75,55913,434001707.00,5.20,-3.30,-2.60,1.34
2023-04-26,73.75,72.07,75.95,71.87,63875,471255261.00,5.35,-5.48,-4.18,1.54
2023-04-27,72.07,72.51,74.97,71.63,52249,382927111.00,4.63,0.61,0.44,1.26
2023-04-28,72.54,73.06,74.02,71.75,49741,364482799.00,3.13,0.76,0.55,1.20
2023-05-04,72.87,71.23,73.65,70.45,46992,336241587.00,4.38,-2.50,-1.83,1.13
2023-05-05,71.22,70.26,71.94,69.94,31858,226829660.00,2.81,-1.36,-0.97,0.77
2023-05-08,70.30,71.99,72.43,69.95,50235,360560073.00,3.53,2.46,1.73,1.21
2023-05-09,71.85,70.53,72.24,70.25,37764,268962456.00,2.76,-2.03,-1.46,0.91
2023-05-10,70.26,70.43,70.70,68.93,30954,216799418.00,2.51,-0.14,-0.10,0.74
2023-05-11,71.13,73.30,75.09,71.13,74890,547664883.00,5.62,4.07,2.87,1.80
2023-05-12,73.30,72.40,73.99,71.80,46827,341303661.00,2.99,-1.23,-0.90,1.13
2023-05-15,72.02,74.52,74.74,71.29,41205,301905017.00,4.77,2.93,2.12,0.99
2023-05-16,74.53,75.00,76.35,73.15,50789,380940372.00,4.29,0.64,0.48,1.22
2023-05-17,74.75,75.65,76.75,74.35,41845,316846310.00,3.20,0.87,0.65,1.01
2023-05-18,75.35,77.98,78.11,73.75,66078,505092323.00,5.76,3.08,2.33,1.59
2023-05-19,79.75,84.36,85.80,79.75,117317,979701726.00,7.76,8.18,6.38,2.82
2023-05-22,84.45,82.05,84.45,80.32,70482,578461797.00,4.90,-2.74,-2.31,1.69
2023-05-23,81.59,81.75,82.51,80.35,37931,309958881.00,2.63,-0.37,-0.30,0.91
2023-05-24,80.95,80.54,82.57,79.27,40014,324764048.00,4.04,-1.48,-1.21,0.96
2023-05-25,80.14,80.83,82.42,79.05,31057,250418214.00,4.18,0.36,0.29,0.75
2023-05-26,80.83,81.79,81.93,80.42,33698,274951600.00,1.87,1.19,0.96,0.81
2023-05-29,82.65,82.50,84.81,80.29,50209,414583302.00,5.53,0.87,0.71,1.21
2023-05-30,81.65,81.36,82.08,79.75,41782,339167940.00,2.82,-1.38,-1.14,1.00
2023-05-31,81.96,87.40,87.40,81.75,88794,755179001.00,6.94,7.42,6.04,2.14
2023-06-01,85.42,86.99,88.84,84.50,51407,445852302.00,4.97,-0.47,-0.41,1.24
2023-06-02,86.98,86.29,88.26,83.63,49372,426689538.00,5.32,-0.80,-0.70,1.19
2023-06-05,85.73,84.95,88.26,84.85,39500,341345878.00,3.95,-1.55,-1.34,0.95
2023-06-06,83.96,81.61,85.30,81.25,44084,367313417.00,4.77,-3.93,-3.34,1.06
2023-06-07,81.78,80.64,82.74,80.15,39684,322823223.00,3.17,-1.19,-0.97,0.95
2023-06-08,81.52,79.46,81.93,79.12,30374,243929648.00,3.48,-1.46,-1.18,0.73
2023-06-09,79.50,76.67,79.89,74.43,70329,537583697.00,6.87,-3.51,-2.79,1.69
2023-06-12,76.26,76.33,77.40,75.76,36623,281634831.00,2.14,-0.44,-0.34,0.88
2023-06-13,76.00,80.24,80.55,75.15,54369,427014892.00,7.07,5.12,3.91,1.31
2023-06-14,80.25,80.45,81.08,79.04,31095,249623774.00,2.54,0.26,0.21,0.75
2023-06-15,80.47,78.75,80.75,78.38,32656,259397680.00,2.95,-2.11,-1.70,0.79
2023-06-16,77.78,78.48,78.82,77.36,36992,289979682.00,1.85,-0.34,-0.27,0.89
2023-06-19,78.44,80.70,81.63,77.95,43271,348611670.00,4.69,2.83,2.22,1.04
2023-06-20,79.96,80.01,80.74,79.22,25165,201623781.00,1.88,-0.86,-0.69,0.61
2023-06-21,79.25,76.06,79.80,75.76,46177,358320408.00,5.05,-4.94,-3.95,1.11
2023-06-26,75.01,73.84,75.61,72.59,37872,281383540.00,3.97,-2.92,-2.22,0.91
2023-06-27,73.82,73.87,75.65,73.40,26943,200336480.00,3.05,0.04,0.03,0.65
2023-06-28,74.75,72.35,74.91,71.65,30049,219186238.00,4.41,-2.06,-1.52,0.72
2023-06-29,72.74,72.18,73.94,72.10,24667,179810760.00,2.54,-0.23,-0.17,0.59
2023-06-30,71.75,72.60,73.21,71.05,21458,156133931.00,2.99,0.58,0.42,0.52
2023-07-03,73.01,72.63,74.00,72.29,29519,215811531.00,2.36,0.04,0.03,0.71
2023-07-04,72.63,74.63,75.75,71.84,46934,349033101.00,5.38,2.75,2.00,1.13
2023-07-05,74.64,74.63,76.25,74.30,31729,239103837.00,2.61,0.00,0.00,0.76
2023-07-06,74.16,73.32,75.24,73.12,32539,241545737.00,2.84,-1.76,-1.31,0.78
2023-07-07,72.77,72.28,73.25,71.37,28535,206925531.00,2.56,-1.42,-1.04,0.69
2023-07-10,73.04,72.34,73.57,71.98,18629,135681962.00,2.20,0.08,0.06,0.45
2023-07-11,72.59,76.06,76.40,72.24,55688,420026660.00,5.75,5.14,3.72,1.34
2023-07-12,76.73,74.85,78.98,74.66,41088,316701221.00,5.68,-1.59,-1.21,0.99
2023-07-13,75.50,76.32,77.23,75.25,34190,261571232.00,2.65,1.96,1.47,0.82
2023-07-14,76.78,75.64,77.95,75.38,26828,205722387.00,3.37,-0.89,-0.68,0.64
2023-07-17,75.64,77.97,79.75,75.55,48317,377043104.00,5.55,3.08,2.33,1.16
2023-07-18,77.73,77.70,80.24,77.36,38809,306736319.00,3.69,-0.35,-0.27,0.93
2023-07-19,77.63,80.54,82.75,77.41,64538,524199335.00,6.87,3.66,2.84,1.55
2023-07-20,79.99,75.94,80.23,75.75,50883,394485078.00,5.56,-5.71,-4.60,1.22
2023-07-21,75.38,77.25,79.73,74.83,40423,314410552.00,6.45,1.73,1.31,0.97
2023-07-24,77.13,78.13,78.80,76.25,25786,201615310.00,3.30,1.14,0.88,0.62
2023-07-25,78.75,78.14,79.13,77.15,25293,197305194.00,2.53,0.01,0.01,0.61
2023-07-26,78.11,75.53,78.11,74.50,31399,239368854.00,4.62,-3.34,-2.61,0.75
2023-07-27,75.15,73.48,75.60,73.26,29369,218207538.00,3.10,-2.71,-2.05,0.71
2023-07-28,73.68,73.51,73.91,72.05,20283,148918453.00,2.53,0.04,0.03,0.49
2023-07-31,73.65,74.42,74.56,72.46,19648,145655749.00,2.86,1.24,0.91,0.47
2023-08-01,74.35,74.60,74.93,73.80,14798,110246210.00,1.52,0.24,0.18,0.36
2023-08-02,74.24,74.38,74.93,73.25,15305,113847079.00,2.25,-0.29,-0.22,0.37
2023-08-03,74.16,75.52,75.55,73.38,22064,166342714.00,2.92,1.53,1.14,0.53
2023-08-04,75.53,75.09,76.24,74.58,16652,125595106.00,2.20,-0.57,-0.43,0.40
2023-08-07,75.05,73.55,75.23,73.15,20939,155367281.00,2.77,-2.05,-1.54,0.50
2023-08-08,73.55,72.96,73.55,71.90,20204,147070262.00,2.24,-0.80,-0.59,0.49
2023-08-09,72.96,73.35,73.35,72.11,11777,85978101.00,1.70,0.53,0.39,0.28
2023-08-10,73.65,73.37,73.75,73.16,9129,67302599.00,0.80,0.03,0.02,0.22
2023-08-11,73.37,71.35,73.37,70.85,19268,138882844.00,3.43,-2.75,-2.02,0.46
2023-08-14,71.24,70.97,71.24,69.34,15064,106165087.00,2.66,-0.53,-0.38,0.36
2023-08-15,70.15,70.13,71.46,69.26,15815,111489269.00,3.10,-1.18,-0.84,0.38
2023-08-16,70.22,69.79,71.22,69.43,11785,83097285.00,2.55,-0.48,-0.34,0.28
2023-08-17,69.67,69.78,70.01,69.08,12773,88740068.00,1.33,-0.01,-0.01,0.31
2023-08-18,69.79,69.86,70.56,69.23,11208,78432700.00,1.91,0.11,0.08,0.27
2023-08-21,69.83,65.51,69.83,64.37,31159,207910051.00,7.82,-6.23,-4.35,0.75
2023-08-22,65.54,66.16,66.29,64.10,21976,143503631.00,3.34,0.99,0.65,0.53
2023-08-23,65.89,65.05,66.20,65.00,12575,82558799.00,1.81,-1.68,-1.11,0.30
2023-08-24,65.43,65.42,66.19,64.86,12799,83978093.00,2.04,0.57,0.37,0.31
2023-08-25,64.87,63.20,65.15,62.88,19121,121851586.00,3.47,-3.39,-2.22,0.46
2023-08-28,66.60,63.29,66.80,62.90,26864,172715895.00,6.17,0.14,0.09,0.65
2023-08-29,62.90,64.25,64.80,62.53,31513,202034716.00,3.59,1.52,0.96,0.76
2023-08-30,64.28,64.90,66.50,64.26,41772,272634562.00,3.49,1.01,0.65,1.00
2023-08-31,64.61,65.48,65.48,64.10,27341,177697381.00,2.13,0.89,0.58,0.66
2023-09-01,65.52,64.83,66.20,64.61,17356,112984109.00,2.43,-0.99,-0.65,0.42
2023-09-04,65.06,66.37,66.37,64.55,25253,165695952.00,2.81,2.38,1.54,0.61
2023-09-05,66.37,65.63,67.35,65.26,31269,207584300.00,3.15,-1.11,-0.74,0.75
2023-09-06,65.00,67.32,67.77,64.98,38988,260026709.00,4.25,2.58,1.69,0.94
2023-09-07,66.98,64.50,66.98,64.01,32939,214865024.00,4.41,-4.19,-2.82,0.79
2023-09-08,64.10,65.00,65.34,63.95,14885,96527947.00,2.16,0.78,0.50,0.36
2023-09-11,65.02,65.36,66.76,64.74,29314,192835412.00,3.11,0.55,0.36,0.70
2023-09-12,65.30,64.49,65.30,64.20,15342,99013847.00,1.68,-1.33,-0.87,0.37
2023-09-13,64.27,63.48,64.49,62.73,18328,116143306.00,2.73,-1.57,-1.01,0.44
2023-09-14,63.50,62.85,63.65,62.54,12912,81222541.00,1.75,-0.99,-0.63,0.31
2023-09-15,63.05,63.35,64.65,61.20,24926,156815095.00,5.49,0.80,0.50,0.60
2023-09-18,63.00,62.53,63.56,62.11,16089,101034446.00,2.29,-1.29,-0.82,0.39
2023-09-19,62.61,61.60,62.64,61.38,12803,79209981.00,2.02,-1.49,-0.93,0.31
2023-09-20,61.40,60.49,62.19,60.43,16905,102995033.00,2.86,-1.80,-1.11,0.41
2023-09-21,60.03,60.92,61.10,60.01,15260,92541984.00,1.80,0.71,0.43,0.37
2023-09-22,60.73,62.68,62.76,60.73,21154,131005784.00,3.33,2.89,1.76,0.51
2023-09-25,62.86,61.85,63.00,61.50,14250,88263229.00,2.39,-1.32,-0.83,0.34
2023-09-26,61.70,60.87,62.00,60.76,11779,72158734.00,2.00,-1.58,-0.98,0.28
2023-09-27,60.80,60.47,61.78,60.33,15841,96329941.00,2.38,-0.66,-0.40,0.38
2023-09-28,60.58,61.45,61.80,60.50,19165,117536277.00,2.15,1.62,0.98,0.46
2023-10-09,61.00,62.57,62.90,60.70,20582,127973180.00,3.58,1.82,1.12,0.49
2023-10-10,62.57,63.01,63.40,62.54,16572,104419823.00,1.37,0.70,0.44,0.40
2023-10-11,63.00,63.90,64.49,62.51,23973,152920050.00,3.14,1.41,0.89,0.58
2023-10-12,64.10,64.12,64.52,63.54,20276,129913038.00,1.53,0.34,0.22,0.49
2023-10-13,63.80,65.26,65.88,63.80,24957,162418698.00,3.24,1.78,1.14,0.60
2023-10-16,65.00,63.65,65.03,63.01,17835,113461917.00,3.10,-2.47,-1.61,0.43
2023-10-17,63.56,63.44,63.84,62.70,13432,85023663.00,1.79,-0.33,-0.21,0.32
2023-10-18,63.62,62.72,64.58,62.48,20047,127477273.00,3.31,-1.13,-0.72,0.48
2023-10-19,65.10,68.99,68.99,64.00,55061,372767803.00,7.96,10.00,6.27,1.32
2023-10-20,69.00,66.70,69.75,66.41,79903,541214220.00,4.84,-3.32,-2.29,1.92
2023-10-23,65.90,64.22,66.60,63.41,53130,341912203.00,4.78,-3.72,-2.48,1.28
2023-10-24,64.80,61.77,65.00,58.00,77043,466434577.00,10.90,-3.82,-2.45,1.85
2023-10-25,61.79,63.32,64.19,60.66,46392,289685652.00,5.71,2.51,1.55,1.12
2023-10-26,62.00,62.16,63.49,60.82,32477,201036024.00,4.22,-1.83,-1.16,0.78
2023-10-27,61.30,62.47,63.01,60.82,29130,180618259.00,3.52,0.50,0.31,0.70
2023-10-30,61.99,65.85,66.44,61.99,54848,355661077.00,7.12,5.41,3.38,1.32
2023-10-31,65.84,65.12,66.82,64.81,30911,201845022.00,3.05,-1.11,-0.73,0.74
2023-11-01,65.65,65.37,66.81,65.00,33389,219961841.00,2.78,0.38,0.25,0.80
2023-11-02,65.30,64.53,66.00,64.50,25606,166943191.00,2.29,-1.28,-0.84,0.62
2023-11-03,64.80,66.99,67.80,64.80,49009,326912431.00,4.65,3.81,2.46,1.18
2023-11-06,67.60,69.69,71.00,67.58,60954,421116731.00,5.11,4.03,2.70,1.46
2023-11-07,69.68,70.01,70.63,68.70,32193,224705758.00,2.77,0.46,0.32,0.77
2023-11-08,69.98,68.90,70.22,68.36,31547,218469670.00,2.66,-1.59,-1.11,0.76
2023-11-09,69.38,68.31,70.50,68.18,28666,198392616.00,3.37,-0.86,-0.59,0.69
2023-11-10,68.20,67.95,69.21,67.69,24268,165722815.00,2.23,-0.53,-0.36,0.58
2023-11-13,68.65,68.66,69.32,68.06,24097,165349952.00,1.85,1.04,0.71,0.58
2023-11-14,68.80,69.68,69.80,68.10,27600,191014363.00,2.48,1.49,1.02,0.66
2023-11-15,70.68,70.34,72.70,69.78,44865,319479105.00,4.19,0.95,0.66,1.07
2023-11-16,69.66,68.70,70.61,68.41,27866,192971162.00,3.13,-2.33,-1.64,0.67
2023-11-17,68.10,69.68,69.85,68.00,23376,161592819.00,2.69,1.43,0.98,0.56
2023-11-20,69.48,68.92,69.56,67.87,26724,183912773.00,2.43,-1.09,-0.76,0.64
2023-11-21,68.80,68.12,69.26,68.01,21878,149759794.00,1.81,-1.16,-0.80,0.52
2023-11-22,67.78,67.26,68.36,67.26,17455,118150688.00,1.61,-1.26,-0.86,0.42
2023-11-23,66.76,66.94,67.36,66.00,20460,136221902.00,2.02,-0.48,-0.32,0.49
2023-11-24,66.90,65.60,66.94,65.43,16378,107914846.00,2.26,-2.00,-1.34,0.39
2023-11-27,65.45,66.35,66.90,65.25,16666,110277183.00,2.52,1.14,0.75,0.40
2023-11-28,66.30,66.48,67.09,65.95,14768,98239695.00,1.72,0.20,0.13,0.35
2023-11-29,66.68,66.40,67.47,66.11,15458,103397876.00,2.05,-0.12,-0.08,0.37
2023-11-30,66.19,65.82,66.19,65.21,11438,75134740.00,1.48,-0.87,-0.58,0.27
2023-12-01,65.45,66.26,66.43,64.89,13885,90999912.00,2.34,0.67,0.44,0.33
2023-12-04,66.74,65.44,66.74,65.44,11554,76321876.00,1.96,-1.24,-0.82,0.28
2023-12-05,65.41,63.80,65.47,63.77,18450,118404242.00,2.60,-2.51,-1.64,0.44
2023-12-06,63.67,64.04,64.53,63.28,11825,75710443.00,1.96,0.38,0.24,0.28
2023-12-07,64.00,63.80,64.18,63.13,12486,79437950.00,1.64,-0.37,-0.24,0.30
2023-12-08,64.15,64.64,64.94,63.30,26114,168168119.00,2.57,1.32,0.84,0.63
2023-12-11,64.58,67.48,67.63,63.68,29704,196269304.00,6.11,4.39,2.84,0.71
2023-12-12,68.40,67.68,68.40,67.23,21454,145227665.00,1.73,0.30,0.20,0.51
2023-12-13,67.66,67.44,68.30,67.00,16332,110675518.00,1.92,-0.35,-0.24,0.39
2023-12-14,67.98,67.52,68.80,67.20,15712,106609227.00,2.37,0.12,0.08,0.38
2023-12-15,67.51,65.75,68.01,65.52,16038,106514734.00,3.69,-2.62,-1.77,0.38
2023-12-18,65.41,63.08,66.00,62.80,20740,132433432.00,4.87,-4.06,-2.67,0.50
2023-12-19,63.00,64.69,65.91,63.00,19448,125652874.00,4.61,2.55,1.61,0.47
2023-12-20,64.75,63.07,65.20,62.88,14862,94480722.00,3.59,-2.50,-1.62,0.36
2023-12-21,63.07,63.02,63.97,61.90,16336,102638635.00,3.28,-0.08,-0.05,0.39
2023-12-22,63.11,62.17,63.38,61.85,17842,110943657.00,2.43,-1.35,-0.85,0.43
2023-12-25,62.17,62.05,63.11,62.00,12715,79442461.00,1.79,-0.19,-0.12,0.30
2023-12-26,62.01,60.54,62.38,60.12,15642,95216101.00,3.64,-2.43,-1.51,0.37
2023-12-27,60.66,60.89,61.18,60.19,12237,74418633.00,1.64,0.58,0.35,0.29
2023-12-28,61.31,62.28,63.12,60.70,19991,124064485.00,3.97,2.28,1.39,0.48
2023-12-29,62.35,63.40,63.78,62.28,18804,119198478.00,2.41,1.80,1.12,0.45
2024-01-02,63.42,62.47,63.58,62.32,14232,89206323.00,1.99,-1.47,-0.93,0.34
2024-01-03,62.21,60.85,62.35,60.48,19288,117759263.00,2.99,-2.59,-1.62,0.46
2024-01-04,60.86,59.78,60.86,59.70,16554,99436805.00,1.91,-1.76,-1.07,0.40
2024-01-05,59.78,58.44,60.55,58.05,18978,112218809.00,4.18,-2.24,-1.34,0.45
2024-01-08,58.05,55.70,58.40,55.57,24583,138073388.00,4.84,-4.69,-2.74,0.59
2024-01-09,56.00,55.90,57.00,55.40,17948,100765698.00,2.87,0.36,0.20,0.43
2024-01-10,55.90,56.09,56.78,54.66,14403,80347610.00,3.79,0.34,0.19,0.34
2024-01-11,56.00,56.60,56.88,55.60,17629,99490794.00,2.28,0.91,0.51,0.42
2024-01-12,56.37,55.77,56.40,55.51,13821,77204222.00,1.57,-1.47,-0.83,0.33
2024-01-15,55.76,55.82,56.78,55.00,17128,96229574.00,3.19,0.09,0.05,0.41
2024-01-16,55.58,55.45,56.11,54.69,13484,74520197.00,2.54,-0.66,-0.37,0.32
2024-01-17,55.62,53.72,55.62,53.72,12898,70409850.00,3.43,-3.12,-1.73,0.31
2024-01-18,53.20,54.01,54.15,52.40,20436,108607655.00,3.26,0.54,0.29,0.49
2024-01-19,53.99,53.81,54.76,53.26,14129,76192409.00,2.78,-0.37,-0.20,0.34
2024-01-22,53.72,50.69,53.74,50.69,21778,113648603.00,5.67,-5.80,-3.12,0.52
2024-01-23,50.87,52.15,52.80,50.16,21741,112610178.00,5.21,2.88,1.46,0.52
2024-01-24,53.50,52.16,54.25,50.69,19193,99803352.00,6.83,0.02,0.01,0.46
2024-01-25,52.20,53.10,53.48,51.35,20768,109137566.00,4.08,1.80,0.94,0.50
2024-01-26,52.67,52.14,53.09,51.80,16210,84855309.00,2.43,-1.81,-0.96,0.39
2024-01-29,52.00,50.29,53.05,50.18,17077,87131203.00,5.50,-3.55,-1.85,0.41
2024-01-30,50.12,48.38,50.45,48.31,15173,74819615.00,4.26,-3.80,-1.91,0.36
2024-01-31,48.05,46.35,48.49,46.00,23215,109178011.00,5.15,-4.20,-2.03,0.56
2024-02-01,46.31,46.03,46.99,44.80,33665,155198657.00,4.72,-0.69,-0.32,0.81
2024-02-02,46.00,43.69,46.65,42.00,38711,171378087.00,10.10,-5.08,-2.34,0.93
2024-02-05,42.88,42.60,43.74,39.89,42846,178898213.00,8.81,-2.49,-1.09,1.03
2024-02-06,42.13,44.66,44.83,41.31,58337,251838728.00,8.26,4.84,2.06,1.40
2024-02-07,44.82,49.13,49.13,44.42,56530,269050284.00,10.55,10.01,4.47,1.35
2024-02-08,50.29,52.00,54.04,49.50,52041,274827976.00,9.24,5.84,2.87,1.25
2024-02-19,52.73,51.85,54.50,50.80,59737,313696280.00,7.12,-0.29,-0.15,1.43
2024-02-20,50.88,50.70,51.83,49.59,35607,178755019.00,4.32,-2.22,-1.15,0.85
2024-02-21,50.00,50.13,51.83,49.60,38625,195687980.00,4.40,-1.12,-0.57,0.92
2024-02-22,49.95,51.23,51.92,49.80,31897,162846111.00,4.23,2.19,1.10,0.76
2024-02-23,51.88,51.39,52.04,50.25,29471,150080803.00,3.49,0.31,0.16,0.71
2024-02-26,51.56,52.00,52.46,50.80,40276,208102333.00,3.23,1.19,0.61,0.96
2024-02-27,51.59,53.80,53.88,51.01,45886,241083497.00,5.52,3.46,1.80,1.10
2024-02-28,53.47,50.40,54.58,50.10,53095,279898025.00,8.33,-6.32,-3.40,1.27
2024-02-29,50.22,53.84,53.84,50.10,56780,299755172.00,7.42,6.83,3.44,1.36
2024-03-01,54.50,54.97,55.50,54.10,46096,252564310.00,2.60,2.10,1.13,1.10
2024-03-04,55.28,54.78,55.70,53.81,40734,223134900.00,3.44,-0.35,-0.19,0.98
2024-03-05,54.50,54.62,55.74,54.00,41331,227214175.00,3.18,-0.29,-0.16,0.99
2024-03-06,54.15,54.14,54.90,52.85,35358,190413656.00,3.75,-0.88,-0.48,0.85
2024-03-07,54.80,52.78,55.50,52.77,32249,174534894.00,5.04,-2.51,-1.36,0.77
2024-03-08,53.02,54.02,54.30,52.55,25938,138976228.00,3.32,2.35,1.24,0.62
2024-03-11,53.74,54.73,54.75,52.88,25338,136759943.00,3.46,1.31,0.71,0.61
2024-03-12,54.73,55.30,56.85,54.36,35567,197909980.00,4.55,1.04,0.57,0.85
2024-03-13,55.66,55.32,56.30,55.14,24911,138720957.00,2.10,0.04,0.02,0.60
2024-03-14,54.81,53.96,55.11,53.23,28555,154636541.00,3.40,-2.46,-1.36,0.68
2024-03-15,53.96,54.50,54.53,53.16,21413,115212669.00,2.54,1.00,0.54,0.51
2024-03-18,54.51,55.97,56.00,54.50,33599,186652030.00,2.75,2.70,1.47,0.80
2024-03-19,56.34,55.63,56.35,55.60,22394,125334536.00,1.34,-0.61,-0.34,0.54
2024-03-20,55.55,55.81,56.17,54.92,19431,107960740.00,2.25,0.32,0.18,0.47
2024-03-21,56.10,55.20,56.83,54.97,24174,134733939.00,3.33,-1.09,-0.61,0.58
2024-03-22,55.50,53.94,55.85,53.87,25006,136201123.00,3.59,-2.28,-1.26,0.60
2024-03-25,53.45,51.59,53.53,51.56,26429,139134644.00,3.65,-4.36,-2.35,0.63
2024-03-26,51.80,51.16,52.80,50.76,25146,129936250.00,3.95,-0.83,-0.43,0.60
2024-03-27,51.18,48.62,51.32,48.61,29950,148457057.00,5.30,-4.96,-2.54,0.72
2024-03-28,48.73,49.21,50.19,48.07,25692,126855176.00,4.36,1.21,0.59,0.62
2024-03-29,49.23,50.32,50.41,48.30,22093,108860827.00,4.29,2.26,1.11,0.53
2024-04-01,50.18,50.82,51.28,50.18,22033,111893455.00,2.19,0.99,0.50,0.53
2024-04-02,50.89,50.14,50.99,49.80,17398,87228369.00,2.34,-1.34,-0.68,0.42
2024-04-03,50.13,49.33,50.60,49.25,23628,117419586.00,2.69,-1.62,-0.81,0.57
2024-04-08,49.82,48.10,49.88,48.09,18910,92117777.00,3.63,-2.49,-1.23,0.45
2024-04-09,48.10,48.67,48.78,47.57,19037,91738305.00,2.52,1.19,0.57,0.46
2024-04-10,48.67,47.55,48.67,47.19,16748,79906060.00,3.04,-2.30,-1.12,0.40
2024-04-11,47.51,47.22,48.44,47.01,21739,103755781.00,3.01,-0.69,-0.33,0.52
2024-04-12,49.50,51.94,51.94,49.18,69893,356175684.00,5.84,10.00,4.72,1.67
2024-04-15,51.99,53.42,53.85,50.94,91932,485691482.00,5.60,2.85,1.48,2.20
2024-04-16,52.91,50.60,53.29,50.31,67557,350279171.00,5.58,-5.28,-2.82,1.62
2024-04-17,51.99,54.00,54.03,51.20,66745,353931044.00,5.59,6.72,3.40,1.60
2024-04-18,53.88,53.58,54.85,52.63,56948,307186428.00,4.11,-0.78,-0.42,1.36
2024-04-19,53.10,52.80,53.44,52.10,39732,209154915.00,2.50,-1.46,-0.78,0.95
2024-04-22,51.38,53.15,53.59,50.10,39732,207879736.00,6.61,0.66,0.35,0.95
2024-04-23,53.30,53.32,54.25,52.68,30383,162062824.00,2.95,0.32,0.17,0.73
2024-04-24,53.06,54.50,54.80,53.06,42565,230351811.00,3.26,2.21,1.18,1.02
2024-04-25,53.80,53.79,55.12,53.78,29149,158152666.00,2.46,-1.30,-0.71,0.70
2024-04-26,54.08,56.11,56.54,53.97,55180,306108137.00,4.78,4.31,2.32,1.32
2024-04-29,56.15,58.12,58.50,56.11,53602,308265922.00,4.26,3.58,2.01,1.28
2024-04-30,57.99,57.75,58.12,57.10,32983,190062826.00,1.75,-0.64,-0.37,0.79
2024-05-06,58.79,58.05,59.60,58.00,42265,248660242.00,2.77,0.52,0.30,1.01
2024-05-07,57.58,57.73,59.09,57.48,33698,195580573.00,2.77,-0.55,-0.32,0.81
2024-05-08,57.63,57.00,58.15,56.79,26765,153322525.00,2.36,-1.26,-0.73,0.64
2024-05-09,57.50,58.27,58.66,57.00,27064,157555355.00,2.91,2.23,1.27,0.65
2024-05-10,58.32,58.24,59.46,58.01,34012,199297102.00,2.49,-0.05,-0.03,0.81
2024-05-13,57.30,58.67,60.11,57.02,39949,235208955.00,5.31,0.74,0.43,0.96
2024-05-14,58.98,57.83,59.53,57.78,26954,157009417.00,2.98,-1.43,-0.84,0.64
2024-05-15,55.49,54.79,56.89,54.73,57061,317009337.00,3.74,-5.26,-3.04,1.37
2024-05-16,54.79,53.80,55.59,53.58,55858,304189890.00,3.67,-1.81,-0.99,1.34
2024-05-17,53.93,54.95,55.00,53.37,34536,187094604.00,3.03,2.14,1.15,0.83
2024-05-20,55.15,55.75,56.15,54.70,28375,158088040.00,2.64,1.46,0.80,0.68
2024-05-21,55.49,56.32,57.43,55.11,25426,143272785.00,4.16,1.02,0.57,0.61
2024-05-22,56.37,56.43,56.75,55.54,16751,94206830.00,2.15,0.20,0.11,0.40
2024-05-23,56.42,54.72,56.68,54.56,22161,122537734.00,3.76,-3.03,-1.71,0.53
2024-05-24,54.73,53.42,54.99,53.35,20738,111996758.00,3.00,-2.38,-1.30,0.50
2024-05-27,54.00,54.52,54.69,52.30,28881,154216765.00,4.47,2.06,1.10,0.69
2024-05-28,54.59,55.74,56.94,54.20,37665,210469834.00,5.03,2.24,1.22,0.90
2024-05-29,55.40,54.93,56.16,54.73,22366,123809693.00,2.57,-1.45,-0.81,0.54
2024-05-30,54.60,56.30,56.73,54.00,36752,205270140.00,4.97,2.49,1.37,0.88
2024-05-31,56.50,57.20,57.66,56.00,38508,219640758.00,2.95,1.60,0.90,0.92
2024-06-03,57.27,57.02,58.37,56.55,40557,232932464.00,3.18,-0.31,-0.18,0.97
2024-06-04,56.90,56.86,57.67,56.40,32309,183889575.00,2.23,-0.28,-0.16,0.77
2024-06-05,57.18,57.16,57.90,56.87,31782,182430262.00,1.81,0.53,0.30,0.76
2024-06-06,57.38,56.16,57.75,56.13,36671,208811167.00,2.83,-1.75,-1.00,0.88
2024-06-07,56.29,55.81,57.10,55.34,32363,181836082.00,3.13,-0.62,-0.35,0.77
2024-06-11,55.50,59.80,60.49,55.48,74308,435108094.00,8.98,7.15,3.99,1.78
2024-06-12,59.55,58.97,60.00,58.58,52278,309194619.00,2.37,-1.39,-0.83,1.25
2024-06-13,59.01,59.11,59.90,58.65,44381,263269110.00,2.12,0.24,0.14,1.06
